"","ClassActinopterygii","ClassAves","ClassMammalia","ClassReptilia","nchar","haddock_score_mean","haddock_score_sd","ForStrat.ground","ForStrat.understory","ForStrat.arboreal","ForStrat.aerial","ForStrat.marine","Activity.Nocturnal","Activity.Crepuscular","Activity.Diurnal","female_maturity_d","male_maturity_d","incubation_d","weaning_d","log_litterclutch_size_n","litters_or_clutches_per_y","log_inter_litterbirth_interval_y","log_birthhatching_weight_g","log_weaning_weight_g","log_adult_body_mass_g","maximum_longevity_y","infantMortalityRate_per_year","mortalityRateDoublingTime_y","metabolicRate_W","temperature_K","gestation_d","longevity_y","log_female_body_mass_g","log_male_body_mass_g","log_no_sex_body_mass","adult_svl_cm","diet_breadth","range_size","major_habitat_type_breadth","tnc_ecoregion_breadth","AA_30_positive","OrderCarnivora","OrderChiroptera","OrderPasseriformes","OrderPerciformes","OrderPrimates","OrderRodentia","ClassActinopterygii.1","ClassAves.1","ClassMammalia.1","ClassReptilia.1","above_haddock_median"
"1",1,0,0,0,817,-120.65368,1.82651380856781,0,0,0,0,1,NA,NA,NA,NA,NA,NA,NA,NA,NA,NA,NA,NA,NA,NA,NA,NA,NA,NA,NA,NA,NA,NA,NA,8.75,0.333333333333333,85965381.2624665,0.166666666666667,0.0948275862068965,0,0,0,0,1,0,0,1,0,0,0,1
"2",0,0,1,0,805,-127.07811,1.7479599082931,1,0,0,0,0,0,0,1,598.985,456,88,107,1.11185751541813,0.7,0.395145099532606,6.14274683130477,7.57044325205737,10.8312703964049,20.5,NA,NA,61.77,312.15,90.12,19,NA,NA,10.5570125393602,149.0215,0.1,5119197.78825015,0.5,0.30952380952381,1,1,0,0,0,0,0,0,0,1,0,1
"3",0,0,0,1,805,-114.98521,2.00284547440219,NA,NA,NA,NA,NA,NA,NA,NA,4605,4380,65,NA,3.68135118769314,1,NA,3.91202300542815,NA,11.0348896640272,85,NA,NA,0.1539,295.31,NA,56,10.7747809184795,NA,10.7747809184795,NA,NA,1137234.22119851,0.375,0.154761904761905,0,0,0,0,0,0,0,0,0,0,1,1
"4",0,0,0,1,803,-114.48673,3.73415755538872,NA,NA,NA,NA,NA,NA,NA,NA,2191.44,NA,70,NA,3.00815479355255,1,NA,3.40119738166216,NA,9.58877680769643,70,NA,NA,NA,NA,NA,60.7,9.28266103355581,NA,9.58877680769643,NA,NA,10491.5333034761,0.0625,0.0119047619047619,0,0,0,0,0,0,0,0,0,0,1,1
"5",0,0,0,0,773,-127.13681,2.58398078185578,0,0,0,0,1,NA,NA,NA,4015,1460,NA,NA,3.43398720448515,NA,5.89989735358249,NA,NA,6.84933135884442,16,NA,NA,NA,NA,NA,NA,NA,NA,NA,NA,0.833333333333333,62999554.2503448,0.416666666666667,0.120689655172414,0,0,0,0,0,0,0,0,0,0,0,1
"6",1,0,0,0,807,-120.615436,2.45742292675884,0,0,0,0,1,NA,NA,NA,NA,NA,NA,NA,NA,NA,NA,NA,NA,NA,NA,NA,NA,NA,NA,NA,NA,NA,NA,NA,NA,0.833333333333333,85965381.2624665,0.333333333333333,0.112068965517241,0,0,0,0,1,0,0,1,0,0,0,1
"7",1,0,0,0,806,-148.27299,4.76363182793455,1,0,0,0,0,NA,NA,NA,NA,NA,NA,NA,NA,NA,NA,NA,NA,NA,8,NA,NA,NA,NA,NA,NA,NA,NA,NA,8.25,0.833333333333333,39378816.7750464,0.3125,0.428571428571429,0,0,0,0,1,0,0,1,0,0,0,0
"8",1,0,0,0,815,-135.73343,1.86821664937448,0,0,0,0,1,NA,NA,NA,NA,NA,NA,NA,NA,NA,NA,NA,NA,NA,NA,NA,NA,NA,NA,NA,NA,NA,NA,NA,NA,0.333333333333333,86631265.0441388,0.25,0.0387931034482759,0,0,0,0,1,0,0,1,0,0,0,0
"9",0,1,0,0,805,-109.522796,2.27881951831401,1,0,0,0,0,0,0,1,365,365,26.5,NA,2.35280280915466,1,NA,3.42426265459315,NA,7.02197642307216,29.1,NA,NA,4.068,NA,NA,29,7.00261080999482,7.09547888506509,7.01391547481053,57.5,0.5,13498238.9056437,0.75,0.464285714285714,0,0,0,0,0,0,0,0,1,0,0,1
"10",0,0,0,1,814,-119.235404,2.13830477511821,0,0,1,0,0,0,0,1,258.74,258.74,45,NA,0.262364264467491,6,NA,-1.51412773262978,NA,0.898126761246484,10,NA,NA,NA,NA,42,7,0.832909122935104,NA,0.959350221334602,4.9715,0.1,1182017.81161645,0.5,0.19047619047619,0,0,0,0,0,0,0,0,0,0,1,1
"11",0,1,0,0,807,-111.097844,3.00633864659767,NA,NA,NA,NA,NA,NA,NA,NA,NA,NA,20,NA,0.693147180559945,1,0,NA,NA,4.74493212836325,14.833333,NA,NA,NA,NA,NA,14.83,4.68166815696082,4.70002571700077,4.74493212836325,NA,NA,128236.35231814,0.3125,0.0476190476190476,1,0,0,0,0,0,0,0,1,0,0,1
"12",0,0,1,0,805,-140.61918,2.62931126165516,0,0,1,0,0,1,0,0,NA,NA,NA,NA,0.0198026272961797,NA,NA,NA,NA,6.67333589372355,11.391667,NA,NA,NA,NA,NA,11.391667,NA,NA,NA,37,0.6,492727.878462921,0.0625,0.0833333333333333,1,0,0,0,0,1,0,0,0,1,0,0
"13",0,1,0,0,809,-116.162199,2.31046156788566,1,0,0,0,1,0,0,1,1825,2007,63.5,NA,0,1,0,NA,NA,10.3005844109738,40,NA,NA,NA,NA,NA,20,10.2921455423279,10.5505907945947,10.2219412836547,115,0.2,NA,NA,NA,1,0,0,0,0,0,0,0,1,0,0,1
"14",0,1,0,0,808,-124.82624,1.76196403557697,NA,NA,NA,NA,NA,NA,NA,NA,1461,547.92,79,NA,0,1.25,NA,5.78382518232974,NA,7.86326672400957,40,NA,NA,NA,NA,NA,35,7.91022370709734,7.70751219460034,7.8626896344485,NA,NA,239.395268147696,0.0625,0.0119047619047619,0,0,0,0,0,0,0,0,1,0,0,1
"15",1,0,0,0,803,-140.53076,2.26112490548891,1,0,0,0,0,NA,NA,NA,NA,NA,NA,NA,NA,NA,NA,NA,NA,NA,NA,NA,NA,NA,NA,NA,NA,NA,NA,NA,NA,NA,23730757.5450827,0.25,0.0595238095238095,1,0,0,0,1,0,0,1,0,0,0,0
"16",1,0,0,0,803,-167.815499,4.64819251602277,1,0,0,0,0,NA,NA,NA,NA,NA,NA,NA,NA,NA,NA,NA,NA,NA,NA,NA,NA,NA,NA,NA,NA,NA,NA,NA,NA,0.666666666666667,29715143.7369095,0.4375,0.142857142857143,1,0,0,0,1,0,0,1,0,0,0,0
"17",1,0,0,0,805,-143.16457,4.12131946240792,1,0,0,0,0,NA,NA,NA,NA,NA,NA,NA,NA,NA,NA,NA,NA,NA,NA,NA,NA,NA,NA,NA,NA,NA,NA,NA,NA,0.166666666666667,23730757.5450827,0.5625,0.297619047619048,0,0,0,0,0,0,0,1,0,0,0,0
"18",0,1,0,0,834,-125.41848,3.13944561977995,1,1,1,0,0,1,0,0,365,365,28,NA,2.07944154167984,1.25,NA,2.18605127673809,NA,5.01462731536579,11,NA,NA,NA,NA,NA,8.7,5.04985600724954,4.98565930802608,5.01063529409626,23,0.3,10997083.9343435,0.8125,0.464285714285714,1,0,0,0,0,0,0,0,1,0,0,1
"19",1,0,0,0,819,-144.39074,3.39580806622911,1,0,0,0,0,NA,NA,NA,NA,NA,NA,NA,NA,NA,NA,NA,NA,NA,NA,NA,NA,NA,NA,NA,NA,NA,NA,NA,NA,NA,17640357.0140121,0.125,0.0357142857142857,1,0,0,0,0,0,0,1,0,0,0,0
"20",0,1,0,0,805,-110.391508,2.31616473937604,1,0,0,0,0,0,0,1,365,365,24.5,NA,2.26176309847379,1,NA,3.52929738428947,NA,6.55322089954252,45.25,NA,NA,NA,NA,NA,22,6.52576252705911,6.58340922215876,6.53777796380353,43.5,0.4,1459973.00958881,0.4375,0.19047619047619,0,0,0,0,0,0,0,0,1,0,0,1
"21",0,0,1,0,804,-117.73942,2.00381238243505,0,0,0,0,1,0,0,1,2740,2740,312,167.34,0,1,0.252001696502433,12.6760762747759,NA,15.8304135785065,50,NA,NA,NA,NA,306.6127,48.5,NA,NA,16.0207033049497,786.4655,0.2,136060676.846806,0.875,0.55952380952381,0,0,0,0,0,0,0,0,0,1,0,1
"22",1,0,0,0,814,-152.391588,3.86520200446037,1,0,0,0,0,NA,NA,NA,NA,NA,NA,NA,NA,NA,NA,NA,NA,NA,2,NA,NA,NA,NA,NA,NA,NA,NA,NA,NA,0.333333333333333,48584700.732382,0.4375,0.202380952380952,1,0,0,0,1,0,0,1,0,0,0,0
"23",1,0,0,0,807,-124.717916,4.20661224942933,1,0,0,0,1,NA,NA,NA,NA,NA,NA,NA,NA,NA,NA,NA,NA,3.60277675506052,NA,NA,NA,NA,NA,NA,NA,NA,NA,NA,8.5,0.166666666666667,116909724.980836,0.178571428571429,0.0537974683544304,0,0,0,0,1,0,0,1,0,0,0,1
"24",0,0,1,0,804,-128.36399,2.84359321885766,NA,NA,NA,NA,NA,NA,NA,NA,NA,NA,NA,NA,NA,NA,NA,NA,NA,NA,NA,NA,NA,NA,NA,NA,NA,NA,NA,NA,NA,NA,469488.494019831,0.125,0.0476190476190476,1,0,0,0,0,0,0,0,0,1,0,0
"25",0,0,1,0,804,-128.36399,2.84359321885767,1,0,0,0,0,0,0,1,548,365.25,277,182.64,0,1,0,9.25272913846797,NA,13.335282678753,20,NA,NA,306.77,311.15,277,20,NA,NA,NA,310,0.1,NA,NA,NA,1,0,0,0,0,0,0,0,0,1,0,0
"26",0,0,1,0,803,-127.15986,1.91237674008026,1,0,0,0,0,1,1,1,553.53384,NA,311,228.135,0.318453731118535,1,0.222458852961783,10.5320962119585,NA,13.6258628301959,34.9,NA,NA,NA,311.25,314.83246,31.883333,NA,NA,NA,282.476,0.1,NA,NA,NA,1,0,0,0,0,0,0,0,0,1,0,0
"27",0,1,0,0,809,-119.37294,1.36178120138458,NA,NA,NA,NA,NA,NA,NA,NA,NA,NA,NA,NA,NA,NA,NA,NA,NA,NA,NA,NA,NA,NA,NA,NA,NA,NA,NA,NA,NA,NA,NA,NA,NA,1,0,0,0,0,0,0,0,1,0,0,1
"28",0,0,1,0,805,-134.08256,2.48966154335171,0,0,1,0,0,0,0,1,477,382,144,62,0.806475865866949,2,-0.798279566685737,3.30027146307219,4.57264699428253,5.54204755147063,22.791667,NA,NA,0.848,309.15,144,16.25,NA,5.76832099579377,5.24702407216049,30,0.4,943369.790290695,0.25,0.0833333333333333,1,0,0,0,0,1,0,0,0,1,0,0
"29",0,0,0,0,836,-108.549528,1.6988592984235,0,0,0,0,1,NA,NA,NA,1642,1095,NA,NA,2.56494935746154,NA,5.89989735358249,NA,NA,7.9550742732627,6,NA,NA,NA,NA,NA,NA,NA,NA,NA,NA,0.333333333333333,58859004.8540951,0.333333333333333,0.0775862068965517,0,0,0,0,0,0,0,0,0,0,0,1
"30",0,0,1,0,806,-138.61938,1.70744608035901,0,0,0,0,1,1,1,0,1461,2007,240,107,0,0.695,-0.000684694349687224,8.56252309005184,9.40178683654714,10.9235042248777,35,NA,NA,NA,NA,254.74932,26,NA,10.2750511089686,NA,193.241,0.2,16894097.3684715,0.25,0.0952380952380952,1,1,0,0,0,0,0,0,0,1,0,0
"31",0,1,0,0,805,-116.78836,1.30975887704569,0,1,1,0,0,0,0,1,364.234,365,16.25,NA,0.693147180559945,2,NA,NA,NA,1.48160454092422,8.5,NA,NA,0.1175,NA,NA,6.3,1.39500630172191,1.50407739677627,1.56861591791385,NA,0.2,493015.732928834,0.25,0.107142857142857,1,0,0,0,0,0,0,0,1,0,0,1
"32",0,1,0,0,809,-119.38505,2.0992934511137,1,1,1,0,0,0,0,1,NA,NA,NA,NA,NA,NA,NA,NA,NA,2.59151638484626,NA,NA,NA,NA,NA,NA,NA,NA,NA,2.59151638484626,NA,0.4,NA,NA,NA,1,0,0,1,0,0,0,0,1,0,0,1
"33",0,0,1,0,805,-115.58817,2.13522575702066,1,0,0,0,0,0,0,1,1278.156,1278,395,319.289,0,0.5,0.692462486210258,10.4772879754635,NA,13.0710700830168,40,NA,NA,NA,NA,396.495,35.4,NA,NA,NA,345,0.1,NA,NA,NA,1,0,0,0,0,0,0,0,0,1,0,1
"34",0,0,1,0,805,-115.58817,2.13522575702065,1,0,0,0,0,0,0,1,1252.0934,2191,405,472.63934,0,0.7,0.514031979907788,10.5153052291052,12.4430559836506,12.9807998130825,40,NA,NA,224.779,310.65,395.755,34.2,NA,NA,12.9165684644247,345,0.1,NA,NA,NA,1,0,0,0,0,0,0,0,0,1,0,1
"35",0,0,1,0,805,-115.58817,2.13522575702066,NA,NA,NA,NA,NA,NA,NA,NA,NA,NA,NA,NA,NA,NA,NA,NA,NA,NA,NA,NA,NA,NA,NA,NA,NA,NA,NA,NA,NA,NA,202139.12478087,0.125,0.0357142857142857,1,0,0,0,0,0,0,0,0,1,0,1
"36",0,0,1,0,804,-128.86939,3.9167938457224,1,0,0,0,0,0,1,1,446.488,685,155,159.02,0.405465108108164,1,0.110685122743941,7.71868549519847,NA,11.0103986440189,20.8,NA,NA,NA,312.45,155.5,20.8,NA,NA,NA,160,0.1,NA,NA,NA,1,0,0,0,0,0,0,0,0,1,0,0
"37",1,0,0,0,812,-125.192651,0.756859301183369,1,0,0,0,1,NA,NA,NA,NA,NA,NA,NA,NA,NA,NA,NA,NA,2.0188950418118,41,NA,NA,NA,NA,NA,NA,NA,NA,NA,10.5,0.666666666666667,154771210.269086,0.857142857142857,0.382911392405063,0,0,0,0,0,0,0,1,0,0,0,1
"38",0,1,0,0,806,-117.45045,2.87952776925121,1,1,0,0,0,0,0,1,NA,NA,25.5,NA,0.78845736036427,NA,NA,3.77276093809464,NA,7.36201055125973,NA,NA,NA,NA,NA,NA,NA,7.46737106691756,NA,7.24422751560335,NA,0.5,5932013.3811584,0.4375,0.226190476190476,1,0,0,0,0,0,0,0,1,0,0,1
"39",0,1,0,0,872,-121.83614,2.14249306660359,1,1,0,0,0,0,0,1,365,365,12.5,NA,1.2947271675944,1,NA,1.3609765531356,NA,3.40341724926521,12.083333,NA,NA,NA,NA,NA,11,3.41608599415591,3.39114704580865,3.41114771251532,18,0.2,NA,NA,NA,1,0,0,1,0,0,0,0,1,0,0,1
"40",0,0,1,0,813,-124.06666,2.38562526963291,1,0,0,0,0,0,1,0,68.481,76.5,68,17.52208,1.23837423104327,5,-1.33623384228797,4.42902948826922,5.35974166853504,6.46006093665624,14.8,NA,NA,2.13,312.15,67.495,12,NA,6.70073110954781,6.46006093665624,40,0.1,NA,NA,NA,1,0,0,0,0,0,1,0,0,1,0,1
"41",0,0,1,0,805,-136.96867,3.20523866854456,0,0,1,0,0,0,0,1,1505,2921,162,521,0,0.5,0.780165972522084,5.45371726577573,7.20785987143248,7.88419993367604,55,NA,NA,NA,NA,162,54,NA,NA,NA,47.141,0.6,NA,NA,NA,1,0,0,0,0,1,0,0,0,1,0,0
"42",0,0,1,0,805,-132.3793,2.30585181223772,1,0,0,0,0,1,1,1,2026.12452,1643,515,365,0,0.42,0.995227157689664,10.8428436224879,12.5226422391395,14.6175121434363,50,NA,NA,NA,NA,515,45,NA,NA,NA,339.3405,0.1,12628363.8246281,0.5625,0.369047619047619,1,0,0,0,0,0,0,0,0,1,0,0
"43",0,0,1,0,805,-134.52038,2.18024692882862,0,0,1,0,0,0,0,1,1318.86,NA,NA,NA,0.00498754151103897,1,0.17326861058738,6.26752307716857,NA,9.08000387024818,46,NA,NA,NA,NA,167,27,8.71053711149193,9.34382176335066,NA,77.4,0.3,316365.524794272,0.1875,0.0476190476190476,1,0,0,0,0,1,0,0,0,1,0,0
"44",0,1,0,0,806,-130.12471,2.20079415537513,0,0,1,1,0,0,0,1,365,365,20,NA,1.50407739677627,1,NA,0.22314355131421,NA,3.15700042115011,15,NA,NA,NA,NA,NA,14,NA,3.13549421592915,3.16124671203156,13,0.1,NA,NA,NA,1,0,0,0,0,0,0,0,1,0,0,0
"45",1,0,0,0,804,-141.01026,3.75244339218536,1,0,0,0,1,NA,NA,NA,2372,2281,NA,NA,NA,NA,NA,NA,NA,NA,15,NA,NA,NA,NA,NA,NA,NA,NA,NA,15.2533333333333,NA,312301783.484059,0.607142857142857,0.341772151898734,0,0,0,0,0,0,0,1,0,0,0,0
"46",0,1,0,0,809,-111.470997,3.02443532938721,1,0,0,0,0,0,0,1,365,365,24.55,NA,1.38629436111989,15,NA,2.287471455184,NA,4.54621604314442,10.916667,NA,NA,NA,NA,NA,10.9,4.61512051684126,4.52287494326126,4.46923590874726,NA,0.2,7196872.81148319,0.6875,0.380952380952381,0,0,0,0,0,0,0,0,1,0,0,1
"47",0,0,0,1,811,-116.82432,1.71659279633944,NA,NA,NA,NA,NA,NA,NA,NA,3650,3650,59,NA,4.72295322164447,1.03,NA,3.17387845893747,NA,11.982929094216,75,NA,NA,NA,NA,59,75,11.7605664878848,NA,11.6028505986781,NA,NA,177186727.785178,0.4375,0.261904761904762,0,0,0,0,0,0,0,0,0,0,1,1
"48",0,0,0,1,808,-126.44506,2.99048954008092,NA,NA,NA,NA,NA,NA,NA,NA,NA,NA,112,NA,2.30258509299405,3.3333821,NA,NA,NA,12.0725412529057,177,NA,NA,NA,NA,NA,70,NA,NA,12.0320168331533,NA,NA,NA,NA,NA,0,0,0,0,0,0,0,0,0,0,1,1
"49",0,0,1,0,805,-136.234253,2.41021002622893,1,0,0,0,0,1,1,0,240,241.76,111,54,0.521765563804325,2,NA,3.67046086858992,NA,6.18414889093748,20,NA,NA,1.31,307.85,112.47,17.166667,6.04500531403601,6.03344586934808,6.07924646049152,34.25,0.1,24492.7967208615,0.0625,0.0119047619047619,1,0,0,0,0,0,1,0,0,1,0,0
"50",0,1,0,0,811,-127.13093,1.88845259643974,0,1,1,0,0,0,0,1,NA,NA,NA,NA,0.693147180559945,NA,NA,NA,NA,2.91777073208428,NA,NA,NA,NA,NA,NA,NA,NA,NA,2.91777073208428,NA,0.2,420162.321778038,0.375,0.166666666666667,1,0,0,1,0,0,0,0,1,0,0,1
"51",0,1,0,0,808,-130.18515,2.56945952304284,NA,NA,NA,NA,NA,NA,NA,NA,545.202,NA,23.5,NA,0.916290731874155,1,NA,NA,NA,7.31488566640936,15,NA,NA,NA,NA,NA,12.5,7.17011954344963,7.58069975222456,NA,NA,NA,5921235.70835214,0.5,0.273809523809524,1,0,0,0,0,0,0,0,1,0,0,0
"52",0,0,1,0,805,-137.50229,3.3114339171523,0,1,0,0,0,0,0,1,1318.86,1825,162,212.74764,0,1,0.17326861058738,5.78657524359634,6.9433637064495,8.53782880501631,46,NA,NA,NA,309.95,167.99,30.691667,8.34711636103872,8.6795671104005,NA,66,0.4,1146189.84662902,0.3125,0.107142857142857,1,0,0,0,0,1,0,0,0,1,0,0
"53",0,0,1,0,805,-134.8058,1.67270694584158,0,1,0,0,0,0,0,1,1318.86,1825,NA,212.74764,0,1,0.17326861058738,5.78657524359634,6.9433637064495,8.53782880501631,46,NA,NA,NA,NA,167.99,30.345833,8.34711636103872,8.6795671104005,NA,66,0.4,1517134.02543469,0.25,0.0833333333333333,1,0,0,0,0,1,0,0,0,1,0,0
"54",0,0,0,1,828,-120.20015,2.28895994103581,NA,NA,NA,NA,NA,NA,NA,NA,2556.68,1642,68.5,NA,1.79175946922805,2,NA,NA,NA,5.91835607528734,61,NA,NA,0.0236,289.5,NA,23.3,5.93489419561959,NA,5.97888576490112,NA,NA,NA,NA,NA,0,0,0,0,0,0,0,0,0,0,1,1
"55",0,0,1,0,799,-119.44585,2.43581868977239,1,0,0,0,0,1,0,0,NA,NA,NA,75.26,1.13783300182139,NA,NA,-0.891598119283784,NA,3.60902422886447,2.408333,NA,NA,NA,NA,NA,2.408333,NA,NA,NA,10.825,0.1,41667.5892793512,0.125,0.0357142857142857,0,0,0,0,0,0,0,0,0,1,0,1
"56",1,0,0,0,821,-129.0867,3.48828592705485,1,0,0,0,1,NA,NA,NA,1095,1095,NA,NA,NA,NA,NA,NA,NA,5.04234926958578,22,NA,NA,NA,NA,NA,NA,NA,NA,NA,25,NA,81826095.4366334,0.5,0.161392405063291,1,0,0,0,0,0,0,1,0,0,0,0
"57",0,0,1,0,800,-115.64345,2.29995500837637,1,0,0,0,0,1,1,1,304.16,304,40,24,1.48613969608961,1,NA,0.405465108108164,3.40119738166216,3.95412418144678,3,NA,NA,0.615,310.85,40,2.5,NA,NA,3.89182029811063,12.1325,0.2,3486994.1626736,0.25,0.19047619047619,1,0,0,0,0,0,0,0,0,1,0,1
"58",0,1,0,0,811,-109.882518,1.77333983112719,0,1,1,0,0,0,0,1,NA,NA,NA,NA,0.693147180559945,NA,NA,NA,NA,2.46809953147162,NA,NA,NA,NA,NA,NA,NA,2.53369681395743,2.3887627892351,NA,NA,0.2,NA,NA,NA,1,0,0,1,0,0,0,0,1,0,0,1
"59",0,1,0,0,811,-126.950654,3.63783899651123,1,1,1,0,0,0,0,1,NA,NA,NA,NA,0.993251773010283,NA,NA,NA,NA,5.73334127689775,NA,NA,NA,NA,NA,NA,NA,5.51745289646471,5.73334127689775,NA,40,0.6,17058.4477955052,0.0625,0.0119047619047619,1,0,0,1,0,0,0,0,1,0,0,1
"60",1,0,0,0,807,-141.0667,1.56540925426335,0,0,0,0,1,NA,NA,NA,NA,NA,NA,NA,NA,NA,NA,NA,NA,NA,NA,NA,NA,NA,NA,NA,NA,NA,NA,NA,NA,0.5,48307240.715276,0.166666666666667,0.0301724137931034,0,0,0,0,1,0,0,1,0,0,0,0
"61",0,1,0,0,807,-107.6108,3.76146377890311,1,0,0,0,0,0,0,1,213.234,52,17,NA,2.32238772029023,1.25,NA,2.18661291674163,NA,4.57057874121847,14.583333,0.07,1.2,NA,NA,NA,6.791667,4.62742079492291,4.53528405852393,4.60517018598809,18.5,0.2,275643.592461275,0.25,0.0714285714285714,0,0,0,0,0,0,0,0,1,0,0,1
"62",0,0,0,1,803,-109.494096,1.41746835762605,NA,NA,NA,NA,NA,NA,NA,NA,3652.5,5843.92,87.5,NA,3.86703338005323,1,NA,4.30135873160643,NA,12.2060726455302,41.7,NA,NA,NA,NA,NA,41.7,11.2733984344055,NA,11.2733984344055,NA,NA,6045219.0352085,0.5,0.619047619047619,0,0,0,0,0,0,0,0,0,0,1,1
"63",0,0,1,0,805,-138.07947,2.78178752285888,1,0,0,0,0,1,1,0,1049.694,639,110,321.70852,0.693147180559945,1,0.197537176570332,7.23705902612474,9.58190392840867,11.0508900053737,41.1,NA,NA,NA,NA,110,41.1,NA,10.7144177687525,NA,137.9055,0.1,14474886.6142361,0.5,0.333333333333333,1,1,0,0,0,0,0,0,0,1,0,0
"64",0,1,0,0,808,-114.14633,2.76926761198295,1,1,1,0,0,0,0,1,365,365,12.5,NA,2.21920348405499,12,NA,0.955511445027436,NA,4.71402459090017,12.916667,NA,NA,0.838,NA,NA,12.908333,4.66343909411207,4.76217393479776,4.71492104994721,NA,0.2,NA,NA,NA,1,0,0,0,0,0,0,0,1,0,0,1
"65",0,1,0,0,814,-122.866185,1.66067743942211,NA,NA,NA,NA,NA,NA,NA,NA,365,365,13.5,NA,2.07944154167984,1.5,NA,-0.210721031315653,NA,2.41591377830105,14.6,NA,NA,NA,NA,NA,13.083167,2.41591377830105,2.4466854369678,2.41591377830105,NA,NA,8767927.78662524,0.5,0.369047619047619,1,0,0,1,0,0,0,0,1,0,0,1
"66",1,0,0,0,802,-139.79225,5.43861398831438,1,0,0,0,1,NA,NA,NA,NA,NA,NA,NA,NA,NA,NA,NA,NA,NA,NA,NA,NA,NA,NA,NA,NA,NA,NA,NA,NA,0.333333333333333,52493875.3244592,0.0714285714285714,0.00632911392405063,1,0,0,0,0,0,0,1,0,0,0,0
"67",1,0,0,0,819,-142.10974,2.13818186275682,1,0,0,0,1,NA,NA,NA,NA,NA,NA,NA,NA,NA,NA,NA,NA,NA,NA,NA,NA,NA,NA,NA,NA,NA,NA,NA,2.2,NA,62185895.295458,0.464285714285714,0.107594936708861,0,0,0,0,0,0,0,1,0,0,0,0
"68",1,0,0,0,818,-135.488978,4.18059289276533,1,0,0,0,0,NA,NA,NA,NA,NA,NA,NA,NA,NA,NA,NA,NA,NA,5.5,NA,NA,NA,NA,NA,NA,NA,NA,NA,NA,0.333333333333333,72315458.2774647,0.375,0.202380952380952,0,0,0,0,0,0,0,1,0,0,0,0
"69",0,0,1,0,804,-120.27585,2.09022940008986,1,0,0,0,0,1,0,0,385.35594,365,133,136.981,1.38629436111989,1,NA,4.19215162222501,NA,8.2812201935701,22.333333,NA,NA,4.655,307.65,133,18.65,NA,NA,8.13555202603107,50.7895,0.1,18207313.6726554,0.75,0.869047619047619,1,0,0,0,0,0,0,0,0,1,0,1
"70",0,0,1,0,804,-121.90408,1.22965986878034,0,0,0,0,1,1,1,1,1710.80756,2283,416,687.8536,0.0198026272961797,0.33,1.01104074026631,11.0974100210086,NA,14.1375940571334,40,NA,NA,NA,308.95,409.05984,34.266667,NA,NA,13.899851706398,442.4915,0.2,9722438.06567159,0.1875,0.166666666666667,0,0,0,0,0,0,0,0,0,1,0,1
"71",1,0,0,0,810,-144.464003,3.83181703258403,1,0,0,0,0,NA,NA,NA,NA,NA,NA,NA,NA,NA,NA,NA,NA,NA,NA,NA,NA,NA,NA,NA,NA,NA,NA,NA,NA,NA,29715143.7369095,0.1875,0.0476190476190476,0,0,0,0,0,0,0,1,0,0,0,0
"72",0,0,1,0,804,-123.64353,3.64559294553788,1,0,0,0,0,1,0,0,285,285,189,274,0,1.26,-0.234241872981752,2.07944154167984,NA,3.5019472847623,29.2,NA,NA,0.194,308.15,189,29.108333,NA,NA,3.38099467434464,8.55,0.1,17726517.7239807,0.75,0.845238095238095,1,0,1,0,0,0,0,0,0,1,0,1
"73",0,0,1,0,740,-116.23534,1.40587049285013,1,0,0,0,0,1,0,0,78.82924,NA,29,34.19634,1.14740245283754,2,-0.937912251352248,1.60843741210052,NA,3.90399083373088,9.9,NA,NA,0.339,307.75,29.91082,9.816667,NA,4.03069453514564,3.86702563949741,15.696,0.4,3419731.41356679,0.375,0.19047619047619,1,0,0,0,0,0,1,0,0,1,0,1
"74",0,1,0,0,804,-114.98527,2.10604413800429,1,1,0,0,0,0,0,1,726.936,NA,56,NA,2.2512917986065,1.499938,NA,NA,NA,10.4968143978139,16.6,NA,NA,NA,NA,NA,16.6,10.517997287579,10.3734911817819,10.4744670991219,NA,0.4,4235748.76414791,0.4375,0.130952380952381,0,0,0,0,0,0,0,0,1,0,0,1
"75",1,0,0,0,814,-140.94694,3.05767363755156,0,0,0,0,1,NA,NA,NA,NA,NA,NA,NA,NA,NA,NA,NA,NA,7.15656657704492,NA,NA,NA,NA,NA,NA,NA,NA,NA,NA,NA,0.166666666666667,295739208.524838,0.916666666666667,0.487068965517241,0,0,0,0,1,0,0,1,0,0,0,0
"76",0,0,1,0,798,-119.269378,2.53335001688279,1,0,0,0,0,1,0,0,278.42,365,55,29,1.70292825552144,1,NA,2.03731661537916,3.91202300542815,5.11274051703341,19,NA,NA,0.75,307.85,57.8284,13,NA,NA,4.75703253529734,17,0.2,111004.162194455,0.0625,0.0238095238095238,0,0,0,0,0,0,0,0,0,1,0,1
"77",1,0,0,0,805,-129.18118,1.95747144199404,1,0,0,0,0,NA,NA,NA,NA,NA,NA,NA,NA,NA,NA,NA,NA,NA,12.6,NA,NA,NA,NA,NA,NA,NA,NA,NA,NA,NA,17640357.0140121,0.1875,0.333333333333333,0,0,0,0,0,0,0,1,0,0,0,0
"78",0,0,1,0,798,-121.14727,1.20841603307802,1,0,0,0,0,0,0,1,NA,NA,NA,27.28,0.587786664902119,NA,NA,2.47653840011748,NA,3.90901849640785,5.658333,NA,NA,0.303,310.75,NA,5.658333,NA,NA,NA,14.943,0.1,193798.451886947,0.1875,0.0714285714285714,1,0,0,0,0,0,0,0,0,1,0,1
"79",0,1,0,0,809,-118.58722,1.68486339030796,0,1,1,0,0,0,0,1,365,365,13.9,NA,1.25276296849537,1,NA,NA,NA,2.58399755243223,11,NA,NA,NA,NA,NA,7,2.61739583283408,2.57261223020711,2.53369681395743,NA,0.2,NA,NA,NA,1,0,0,1,0,0,0,0,1,0,0,1
"80",0,0,1,0,805,-150.46164,3.38033302836669,0,0,0,0,1,0,1,1,659.435,1369,140,175.30786,0,0.83,-0.000684694349687224,7.55442387162048,9.43673822231057,6.84933135884442,30,NA,NA,98.479,310.65,216.0956,19,9.97580821411575,10.3981837943722,9.5386832259541,34.9,0.2,2026050.49639097,0.25,0.0476190476190476,1,1,0,0,0,0,0,0,0,1,0,0
"81",0,0,1,0,799,-123.85228,2.54823044213474,0,0,0,1,0,1,0,0,471.145,730,35,34.18,0.654925967739748,1,-0.000684694349687224,1.2683550632552,2.72129542785223,2.84461864388423,20,NA,NA,0.113,309.15,43.57,19,NA,NA,2.58776403522771,7.5,0.1,12796879.1516272,0.875,0.5,1,0,1,0,0,0,0,0,0,1,0,1
"82",0,0,1,0,783,-126.31077,1.92877540945313,1,0,0,0,0,1,1,1,708,1005,359,152.2,0,NA,0,10.2836345107796,10.3889953683178,12.0508750845807,50,NA,NA,164.92,NA,361.65946,47,NA,NA,12.0867258878976,200,0.1,NA,NA,NA,1,0,0,0,0,0,0,0,0,1,0,1
"83",0,0,1,0,805,-124.52821,2.65136996096148,1,0,0,0,0,1,1,1,914,973,337,274,0,1,0.4052369287439,10.5427063910705,NA,12.4292161968444,62,2e-04,4,NA,311.45,337.985,57,NA,13.0170028617465,NA,280,0.1,NA,NA,NA,1,0,0,0,0,0,0,0,0,1,0,1
"84",0,0,1,0,805,-124.52821,2.65136996096148,NA,NA,NA,NA,NA,NA,NA,NA,NA,NA,NA,NA,NA,NA,NA,NA,NA,NA,NA,NA,NA,NA,NA,NA,NA,NA,NA,NA,NA,NA,NA,NA,NA,1,0,0,0,0,0,0,0,0,1,0,1
"85",0,0,1,0,804,-119.084315,1.70687221402352,1,0,0,0,0,1,0,0,265.8,253,30,41.70366,1.43983512804792,1.58,NA,2.74855214441154,5.45958551414416,6.65666225476097,14,NA,NA,2.434,307.15,36.06754,11.641667,NA,6.49978704065585,7.10126402516666,26.8585,0.3,3809035.09738711,0.375,0.285714285714286,1,0,0,0,0,0,0,0,0,1,0,1
"86",1,0,0,0,799,-127.99479,3.64393607348792,1,0,0,0,0,NA,NA,NA,NA,NA,NA,NA,NA,NA,NA,NA,NA,NA,NA,NA,NA,NA,NA,NA,NA,NA,NA,NA,NA,0.166666666666667,29715143.7369095,0.25,0.107142857142857,0,0,0,0,0,0,0,1,0,0,0,0
"87",1,0,0,0,827,-143.52931,2.9893541225303,1,0,0,0,1,NA,NA,NA,1116,889,NA,NA,NA,NA,NA,NA,NA,8.0899501563915,30,NA,NA,NA,NA,NA,NA,NA,NA,NA,36.92,NA,121568388.511317,0.392857142857143,0.208860759493671,0,0,0,0,0,0,0,1,0,0,0,0
"88",1,0,0,0,808,-148.23537,2.5386744196529,1,0,0,0,0,NA,NA,NA,NA,NA,NA,NA,NA,NA,NA,NA,NA,NA,NA,NA,NA,NA,NA,NA,NA,NA,NA,NA,NA,0.333333333333333,23730757.5450827,0.375,0.214285714285714,0,0,0,0,1,0,0,1,0,0,0,0
"89",0,0,1,0,806,-126.76689,3.1937131480631,0,0,0,0,1,1,1,0,1803.125,2420,274,351,0,1,-0.000684694349687224,9.83226004324776,11.5769325949445,12.8543968696354,32.8,NA,NA,NA,NA,308.05,30,12.5172270741671,13.8155105579643,NA,297.1355,0.1,6727116.39760273,0.25,0.0952380952380952,1,1,0,0,0,0,0,0,0,1,0,1
"90",0,1,0,0,809,-115.371366,3.94557655806601,1,0,0,0,0,0,0,1,NA,NA,27,NA,0.693147180559945,NA,NA,NA,NA,5.40605006635092,15,NA,NA,NA,NA,NA,15,5.29831736654804,5.46806014113513,5.4249500174814,NA,0.3,8423208.45086056,0.375,0.630952380952381,0,0,0,0,0,0,0,0,1,0,0,1
"91",0,1,0,0,813,-119.64134,1.78793558931958,1,1,1,1,0,0,0,1,726.936,NA,29,NA,1.38629436111989,1,NA,NA,NA,6.90274273715859,25,NA,NA,NA,NA,NA,15.916667,6.99736743767182,6.76849321164863,6.89517649677528,52.5,0.2,2241653.24941392,0.375,0.273809523809524,1,0,0,0,0,0,0,0,1,0,0,1
"92",0,0,1,0,807,-129.12293,1.54647277595753,1,0,0,0,0,1,1,1,304,304,65,81.505,1.30562645805244,2.02,-1.02443099634523,4.62369749060197,6.45660480682052,8.42794221749148,34,NA,NA,NA,311.25,64,19,NA,NA,NA,62.4255,0.1,NA,NA,NA,1,1,0,0,0,0,0,0,0,1,0,0
"93",0,1,0,0,810,-126.3911,4.1425461132014,0,0,1,0,0,0,0,1,364.234,365,NA,NA,1.79175946922805,1,NA,NA,NA,2.52972066557779,9.833333,NA,NA,NA,NA,NA,7.916667,2.52572864430826,2.55722731136763,2.47653840011748,NA,0.2,NA,NA,NA,1,0,0,1,0,0,0,0,1,0,0,1
"94",0,1,0,0,632,-107.961664,2.23411519609093,1,0,0,0,1,0,0,1,2561,2200,49,NA,0,1,NA,4.17438726989564,NA,6.66568371778241,51,NA,NA,NA,NA,NA,38.958333,6.53160622520803,6.73340189183736,6.67834211465433,NA,0.2,28890043.1067009,0.3125,0.214285714285714,0,0,0,0,0,0,0,0,1,0,0,1
"95",1,0,0,0,809,-141.661019,3.39157139749065,1,0,0,0,1,NA,NA,NA,NA,NA,NA,NA,NA,NA,NA,NA,NA,NA,NA,NA,NA,NA,NA,NA,NA,NA,NA,NA,NA,0.5,121204912.21168,0.321428571428571,0.069620253164557,1,0,0,0,0,0,0,1,0,0,0,0
"96",1,0,0,0,818,-123.1413,3.74949171251547,1,0,0,0,1,NA,NA,NA,790,778,NA,NA,NA,NA,NA,NA,NA,8.3787577937914,25,NA,NA,NA,NA,NA,NA,NA,NA,NA,63.6666666666667,NA,85587252.3310209,0.321428571428571,0.145569620253165,1,0,0,0,0,0,0,1,0,0,0,1
"97",0,1,0,0,808,-106.379904,2.50263677476022,1,0,0,0,0,0,0,1,NA,NA,20.5,NA,1.79175946922805,1,NA,3.2188758248682,NA,6.81618808545665,30,NA,NA,6.005,NA,NA,30,6.46692202703618,6.81399389916766,7.74066440191724,43.5,0.4,5200261.33517479,0.5,0.654761904761905,0,0,0,0,0,0,0,0,1,0,0,1
"98",0,1,0,0,809,-126.17221,2.91053011988843,1,0,0,0,0,0,0,1,1001.835,1095,27.5,NA,0.693147180559945,1,NA,4.00369019395397,NA,7.37963215260955,23.7,NA,NA,NA,NA,NA,23.583333,7.29776828253138,7.45529848568329,7.34196980037629,NA,0.2,NA,NA,NA,1,0,0,0,0,0,0,0,1,0,0,1
"99",0,0,0,1,803,-119.398944,2.36120845385578,NA,NA,NA,NA,NA,NA,NA,NA,3652.5,4748.25,80,NA,3.66100067733897,1,0,4.62986279857846,NA,11.9381932003746,100,NA,NA,NA,NA,70,28.8,NA,NA,11.8981878657609,NA,NA,22824.7635356239,0.0625,0.0238095238095238,0,0,0,0,0,0,0,0,0,0,1,1
"100",0,0,0,1,816,-128.15995,2.02840172179971,1,0,0,0,0,1,0,0,NA,NA,NA,NA,NA,NA,NA,-0.642313192698093,NA,0.932683144177681,NA,NA,NA,NA,NA,NA,NA,NA,NA,NA,NA,0.1,1905745.05473575,0.1875,0.178571428571429,1,0,0,0,0,0,0,0,0,0,1,0
"101",0,1,0,0,809,-123.2487,2.11097755554151,1,0,1,0,0,0,0,1,365.25,NA,NA,NA,NA,NA,NA,NA,NA,3.17805383034795,NA,NA,NA,NA,NA,NA,NA,NA,2.90690105984738,3.19867311755068,NA,0.4,7699.87111068479,0.0625,0.0119047619047619,1,0,0,1,0,0,0,0,1,0,0,1
"102",0,0,1,0,804,-116.2425,1.81668399013147,0,0,0,0,1,1,1,0,2472.01192,4380,450,725.515,0,0.2428571,NA,11.6052037805885,NA,13.8737794660882,60,0.015,10,NA,NA,453.4514,49.783333,NA,NA,15.1531397471029,709.2875,0.2,133046654.153902,0.5,0.226190476190476,0,0,0,0,0,0,0,0,0,1,0,1
"103",0,0,0,1,808,-113.154478,1.37166413217911,NA,NA,NA,NA,NA,NA,NA,NA,NA,NA,NA,NA,NA,NA,NA,NA,NA,NA,NA,NA,NA,NA,NA,NA,NA,NA,NA,NA,NA,NA,27099.9737015718,0.125,0.0357142857142857,0,0,0,0,0,0,0,0,0,0,1,1
"104",0,0,1,0,805,-133.78014,2.26214312014072,1,0,0,0,0,0,0,1,2829,4015,256,834,0.00498754151103897,0.3,1.35352507250274,7.63626960337937,9.44105518878671,11.7457460424666,55.4,NA,NA,NA,308.65,257,50.2,NA,11.805595078933,NA,167.222,0.2,696516.849603566,0.125,0.0714285714285714,1,0,0,0,0,1,0,0,0,1,0,0
"105",1,0,0,0,809,-140.53371,0.993569367314963,0,0,0,0,1,NA,NA,NA,NA,NA,NA,NA,NA,NA,NA,NA,NA,NA,NA,NA,NA,NA,NA,NA,NA,NA,NA,NA,NA,NA,2995430.92472743,0.0833333333333333,0.0129310344827586,0,0,0,0,0,0,0,1,0,0,0,0
"106",0,1,0,0,745,-119.22261,3.26118027013738,1,0,1,1,0,0,0,1,1460,1460,35,NA,0.693147180559945,1,NA,NA,NA,8.46379241468912,48,NA,NA,NA,NA,NA,32.966667,8.58485183989005,8.32603268595508,8.51719319141624,80,0.4,3456642.9944806,0.625,0.30952380952381,1,0,0,0,0,0,0,0,1,0,0,1
"107",1,0,0,0,803,-139.65911,4.72172943915209,0,0,0,0,0,NA,NA,NA,NA,NA,NA,NA,NA,NA,NA,NA,NA,NA,NA,NA,NA,NA,NA,NA,NA,NA,NA,NA,NA,1,29715143.7369095,0.25,0.0714285714285714,1,0,0,0,1,0,0,1,0,0,0,0
"108",0,0,1,0,805,-137.113077,2.28344852292439,1,0,0,0,0,1,1,1,228,NA,70,35.80506,2.19165353228676,3.5,-1.504899084269,0.662687973075237,2.39789527279837,3.55534806148941,28.3,NA,NA,0.128,305.25,70,16,NA,NA,3.56388296393925,11.0805,0.1,1349750.76109211,0.25,0.0952380952380952,1,0,0,0,0,0,1,0,0,1,0,0
"109",1,0,0,0,805,-133.49098,1.57101090582536,0,0,0,0,1,NA,NA,NA,NA,NA,NA,NA,NA,NA,NA,NA,NA,2.0949457282158,NA,NA,NA,NA,NA,NA,NA,NA,NA,NA,NA,0.166666666666667,64415849.6563772,0.25,0.0689655172413793,0,0,0,0,0,0,0,1,0,0,0,0
"110",0,0,1,0,806,-142.58683,1.75992281210158,0,0,0,1,0,1,0,0,NA,NA,NA,NA,NA,NA,NA,NA,NA,3.91182298542548,NA,NA,NA,NA,NA,NA,NA,3.73766961828337,3.80666248977032,NA,NA,0.1,4475409.12408073,0.5625,0.464285714285714,1,0,1,0,0,0,0,0,0,1,0,0
"111",0,0,1,0,805,-131.90707,1.23270192039907,0,0,1,0,0,0,0,1,2849.06286,1825,243,600.50228,0,0.475,0.852663317685898,5.7571810513809,6.97541392745595,8.70754905323851,57,NA,NA,NA,NA,217,40,NA,NA,NA,63.5,0.3,39231.9707802624,0.0625,0.0238095238095238,1,0,0,0,0,1,0,0,0,1,0,0
"112",1,0,0,0,805,-127.34354,0.977535145375572,1,0,0,0,0,NA,NA,NA,NA,NA,NA,NA,NA,NA,NA,NA,NA,3.98898404656427,16,NA,NA,NA,NA,NA,NA,NA,NA,NA,35.35,0.833333333333333,133221678.662997,0.75,0.380952380952381,0,0,0,0,0,0,0,1,0,0,0,0
"113",0,0,1,0,805,-133.77263,1.56485694131374,1,0,0,0,0,1,0,0,326.88264,137,38,51,1.17557332980424,1.5,-1.38834987223614,0.693147180559945,2.99573227355399,4.05004430332552,7.3,NA,NA,0.515,310.65,38,6.741667,NA,NA,4.31748811353631,10.218,0.2,8111416.60133208,0.5625,0.273809523809524,1,0,0,0,0,0,1,0,0,1,0,0
"114",1,0,0,0,814,-136.10654,2.27390862183257,1,0,0,0,1,NA,NA,NA,NA,NA,NA,NA,NA,NA,NA,NA,NA,NA,NA,NA,NA,NA,NA,NA,NA,NA,NA,NA,NA,0.666666666666667,73525475.7520746,0.285714285714286,0.0632911392405063,0,0,0,0,0,0,0,1,0,0,0,0
"115",1,0,0,0,806,-132.86459,4.34842938732545,0,0,0,0,1,NA,NA,NA,2737,NA,NA,NA,NA,NA,NA,NA,NA,5.90458016740145,29,NA,NA,NA,NA,NA,NA,NA,NA,NA,NA,0.666666666666667,31493218.6460955,0.0833333333333333,0.0431034482758621,0,0,0,0,1,0,0,1,0,0,0,0
"116",0,0,1,0,804,-115.762468,2.4018900428334,0,0,0,0,1,1,1,1,3833.468,NA,320,NA,0,0.212766,NA,9.5468126085974,NA,11.5424842672118,46,NA,NA,NA,NA,319.01,30.691667,NA,NA,11.8204101647182,265.331,0.2,15292544.6309712,0.3125,0.0952380952380952,0,0,0,0,0,0,0,0,0,1,0,1
"117",1,0,0,0,810,-125.31528,2.30390764321065,0,0,0,0,1,NA,NA,NA,NA,NA,NA,NA,NA,NA,NA,NA,NA,NA,NA,NA,NA,NA,NA,NA,NA,NA,NA,NA,12.3,0.5,54786623.1291272,0.166666666666667,0.0301724137931034,1,0,0,0,1,0,0,1,0,0,0,1
"118",1,0,0,0,807,-140.16613,2.57667150713215,1,0,0,0,1,NA,NA,NA,NA,NA,NA,NA,NA,NA,NA,NA,NA,NA,NA,NA,NA,NA,NA,NA,NA,NA,NA,NA,NA,NA,154693116.209837,0.392857142857143,0.186708860759494,0,0,0,0,1,0,0,1,0,0,0,0
"119",0,1,0,0,811,-125.55076,4.38593980938584,0,1,1,0,0,0,0,1,NA,NA,NA,NA,0.693147180559945,NA,NA,NA,NA,2.10819091447999,NA,NA,NA,NA,NA,NA,NA,2.15176220325946,2.08567209143047,2.09186406167839,NA,0.2,3221211.21831906,0.25,0.369047619047619,1,0,0,1,0,0,0,0,1,0,0,1
"120",1,0,0,0,809,-131.81506,1.60579111150166,1,0,0,0,0,NA,NA,NA,NA,NA,NA,NA,NA,NA,NA,NA,NA,NA,18,NA,NA,NA,NA,NA,NA,NA,NA,NA,NA,0.333333333333333,23730757.5450827,0.3125,0.202380952380952,1,0,0,0,0,0,0,1,0,0,0,0
"121",0,1,0,0,809,-133.55929,3.40839280516981,0,0,1,1,0,0,0,1,NA,NA,NA,NA,NA,NA,NA,NA,NA,5.56356209388088,NA,NA,NA,NA,NA,NA,NA,NA,NA,5.56356209388088,NA,0.2,592877.199807894,0.25,0.0714285714285714,1,0,0,0,0,0,0,0,1,0,0,0
"122",0,0,1,0,804,-122.5645,2.09499742349351,0,0,0,0,1,0,0,1,3144.583,NA,319,NA,0,0.635,0.692462486210258,9.35818262402039,9.21140780206992,11.4908757468555,24,NA,NA,NA,NA,319.474,23.229167,NA,NA,11.3144745262464,210.086,0.1,26127.7298897315,0.0625,0.0119047619047619,0,0,0,0,0,0,0,0,0,1,0,1
"123",0,1,0,0,809,-125.50581,1.37870027558165,1,1,0,0,0,0,0,1,NA,NA,13.5,NA,1.6094379124341,NA,NA,NA,NA,2.50959926237837,10,0.1,2.5,0.21538,NA,NA,10,NA,NA,2.50959926237837,NA,0.2,5429668.12237715,0.4375,0.607142857142857,1,0,0,1,0,0,0,0,1,0,0,1
"124",0,0,1,0,800,-120.63379,1.49866707847711,1,0,0,0,0,1,1,1,4253.80718,3650,670,1088.8,0,0.21,1.54191067138595,11.5617156291397,13.3046849341983,15.3195879547405,80,0.002,8,NA,309.35,669.68,65,NA,15.2891287472558,NA,750,0.1,3331651.57551006,0.5625,0.345238095238095,1,0,0,0,0,0,0,0,0,1,0,1
"125",0,0,1,0,805,-126.7261,2.31481857172435,1,0,0,0,0,1,0,0,535.6736,573,63,152,1.16002091679675,1,-0.000684694349687224,5.31811999384422,NA,9.17810846015857,26.8,NA,NA,NA,NA,63,26.766667,NA,NA,NA,80.615,0.2,8327957.79122619,0.3125,0.202380952380952,1,1,0,0,0,0,0,0,0,1,0,1
"126",0,0,1,0,805,-131.26383,3.92195674151735,1,0,0,0,0,1,0,0,NA,NA,68,NA,0.916290731874155,NA,NA,NA,NA,9.232590980911,13,NA,NA,NA,NA,67.89524,11.283333,NA,NA,NA,103.004,0.1,1191.69167435946,0.0625,0.0238095238095238,1,1,0,0,0,0,0,0,0,1,0,0
"127",0,0,1,0,805,-132.40486,2.50165565851454,0,1,0,0,0,0,0,1,1278.75,1544,165,262.765,0,0.93,0.127033601378996,5.78191566805954,6.74674109913348,8.42711967631805,39,NA,NA,NA,310.75,165,37.55,8.18535022317869,8.58204416373585,NA,52.15,0.3,2697162.38061278,0.25,0.488095238095238,1,0,0,0,0,1,0,0,0,1,0,0
"128",0,0,1,0,805,-133.81494,1.40198263438286,0,1,0,0,0,0,0,1,1231,2007,165,292,0,1,0.127093874949691,6.16023638635485,7.28207365809346,8.79694389354174,40,0.02,15,NA,310.45,165,34.633333,8.58279364850019,9.12254687102551,NA,65.95,0.4,7513322.26567336,0.6875,0.452380952380952,1,0,0,0,0,1,0,0,0,1,0,0
"129",0,0,1,0,805,-134.48797,3.13145258840757,0,1,0,0,0,0,0,1,1226.61352,1095,172,324,0,0.85,0.103391429279073,6.14889555505681,7.25594431927057,8.9363494794541,37.6,NA,NA,NA,NA,172,34.3,8.60483770126828,9.11294802596753,NA,64.95,0.4,1366583.93240879,0.1875,0.166666666666667,1,0,0,0,0,1,0,0,0,1,0,0
"130",0,1,0,0,811,-120.34141,3.97608344212968,0,1,1,0,0,0,0,1,NA,NA,18.5,NA,0.693147180559945,3,NA,NA,NA,2.86220088092947,NA,NA,NA,NA,NA,NA,NA,2.83026783382646,2.91777073208428,2.70805020110221,NA,0.2,118914.747225164,0.125,0.0714285714285714,1,0,0,1,0,0,0,0,1,0,0,1
"131",0,0,1,0,805,-135.71201,1.53448396063447,0,1,0,0,0,0,0,1,1730.2866,NA,179,486.976,0,0.65,0.274692527412406,6.64898455002478,NA,9.69594972106474,39.175,NA,NA,NA,NA,179.22,33.4,9.90348755253613,NA,NA,73.2,0.5,44099.6486407392,0.125,0.0476190476190476,1,0,0,0,0,1,0,0,0,1,0,0
"132",0,0,1,0,805,-147.42682,2.67157889679077,0,0,1,0,0,1,0,0,755.15,NA,NA,NA,0,1,-0.000684694349687224,NA,NA,8.42087059929547,6.075,NA,NA,NA,NA,NA,6.075,NA,NA,NA,59,0.1,2319150.58119317,0.25,0.404761904761905,1,0,0,0,0,0,0,0,0,1,0,0
"133",0,0,1,0,817,-126.13068,2.13732985953139,1,0,0,0,0,0,0,1,816.59788,730,30,26.37902,1.49065437644413,0.97,0.224374824985578,3.52046080248897,6.17134562836258,8.21871437667284,21.2,NA,NA,8.626,309.65,30.195,21.125,NA,NA,8.17282647523067,50.59,0.3,1718256.71926298,0.1875,0.202380952380952,1,0,0,0,0,0,1,0,0,1,0,1
"134",0,0,1,0,817,-124.3886,1.4170381301229,1,0,0,0,0,0,0,1,827.69,730,35,48.2,1.43270073393405,1,0.9164276145053,3.39249294103201,NA,8.1605182474775,18,NA,NA,NA,NA,35.41506,17.391667,NA,NA,8.10892415597534,60,0.3,213044.429332937,0.1875,0.0833333333333333,1,0,0,0,0,0,1,0,0,1,0,1
"135",1,0,0,0,807,-139.26783,4.73723516552052,1,0,0,0,0,NA,NA,NA,NA,NA,NA,NA,NA,NA,NA,NA,NA,NA,NA,NA,NA,NA,NA,NA,NA,NA,NA,NA,NA,0.666666666666667,30944343.7183699,0.5,0.452380952380952,0,0,0,0,0,0,0,1,0,0,0,0
"136",0,0,1,0,806,-122.69085,3.17848673716492,1,0,0,0,0,1,0,0,NA,NA,NA,NA,2.07442899985629,3.56,-2.32431151159063,0.751416088683921,NA,3.98545932350133,2.908333,NA,NA,NA,NA,NA,2.908333,NA,NA,NA,17,0.3,1271248.17076918,0.25,0.119047619047619,0,0,0,0,0,0,1,0,0,1,0,1
"137",1,0,0,0,803,-150.261612,2.12689563963695,1,0,0,0,0,NA,NA,NA,NA,NA,NA,NA,NA,NA,NA,NA,NA,NA,NA,NA,NA,NA,NA,NA,NA,NA,NA,NA,NA,NA,29715143.7369095,0.25,0.0714285714285714,1,0,0,0,1,0,0,1,0,0,0,0
"138",0,1,0,0,809,-124.16029,1.01107967094586,1,1,0,0,0,0,0,1,180,180,18,NA,1.6094379124341,NA,NA,0.364643113587909,NA,3.36901848329792,21,NA,NA,0.3035,314.15,NA,21,3.3603753871419,3.37758751602302,3.3322045101752,19,0.1,5890830.09763822,0.375,0.119047619047619,1,0,0,0,0,0,0,0,1,0,0,1
"139",0,1,0,0,799,-136.56101,3.31314976334203,1,1,1,1,0,0,0,1,NA,NA,NA,NA,1.17865499634165,NA,NA,NA,NA,3.76120011569356,NA,NA,NA,NA,NA,NA,NA,3.76120011569356,NA,3.74950407593037,NA,0.1,4619155.3305687,0.3125,0.166666666666667,1,0,0,0,0,0,0,0,1,0,0,0
"140",0,1,0,0,809,-129.56105,4.01837958448427,1,0,0,0,0,0,0,1,NA,NA,NA,NA,0,NA,NA,NA,NA,4.99721227376411,NA,NA,NA,NA,NA,NA,NA,4.99721227376411,NA,NA,NA,0.1,37168.0539304325,0.0625,0.0238095238095238,1,0,0,0,0,0,0,0,1,0,0,0
"141",0,0,1,0,805,-129.49766,1.49093743232609,1,0,0,0,0,1,0,0,48,48,16,20.505,2.1621729392773,3.75,NA,0.845868267577609,3.13244609686981,4.65396035015752,10,NA,NA,0.69,311.25,16,3.9,NA,4.68213122712422,4.68398136641238,18,0.4,4704.20628373161,0.0625,0.0119047619047619,1,0,0,0,0,0,1,0,0,1,0,0
"142",0,0,0,0,811,-109.421863,1.90957769589713,1,NA,NA,0,0,NA,NA,NA,NA,NA,NA,NA,NA,1,NA,NA,NA,NA,NA,NA,NA,NA,NA,NA,NA,NA,NA,NA,24,NA,32530.2771493563,0.0625,0.0119047619047619,0,0,0,0,0,0,0,0,0,0,0,1
"143",0,0,1,0,804,-133.864089,1.36158610487467,1,0,0,0,0,1,1,1,47,NA,23,20.39212,1.33500106673234,4,-2.64248551914779,1.10525683138678,2.8142103969306,3.84374416467485,5.325,NA,NA,0.41,311.05,22.52264,5.3,NA,NA,3.87535902105655,12.4435,0.2,3243052.72099021,0.375,0.214285714285714,1,0,0,0,0,0,1,0,0,1,0,0
"144",0,0,1,0,804,-123.95612,1.26742558563062,0,0,0,1,0,1,0,0,666.44,730,NA,60.19,-0.00501254182354429,1,-0.000684694349687224,1.05082162483176,2.52572864430826,2.41457359494209,22,NA,NA,NA,NA,113.44,14,NA,NA,2.3887627892351,6,0.1,3787497.56291529,0.5,0.285714285714286,1,0,1,0,0,0,0,0,0,1,0,1
"145",0,0,1,0,806,-108.70793,3.49306347909682,1,0,0,0,0,1,0,0,137.1,122,15,51.245,2.19722457733622,4,-1.93501827149738,-2.3538783873816,3.02771531940704,4.60517018598809,6,NA,NA,0.335,305.75,14.775,5.55,4.49980967033027,4.60517018598809,4.64439089914137,16.955,0.5,4111650.30540648,0.3125,0.19047619047619,1,0,0,0,0,0,0,0,0,1,0,1
"146",0,0,1,0,804,-121.90408,1.22965986878034,0,0,0,0,1,1,1,1,2191.392,2922,450,608,0,0.33,0.9164276145053,11.289781913656,NA,13.7516399737072,50,NA,NA,NA,NA,450,45,NA,NA,13.7178977290973,564.6265,0.2,3473855.21113071,0.0625,0.0595238095238095,0,0,0,0,0,0,0,0,0,1,0,1
"147",1,0,0,0,812,-131.16053,2.81938874307102,1,0,0,0,1,NA,NA,NA,NA,NA,NA,NA,NA,NA,NA,NA,NA,NA,NA,NA,NA,NA,NA,NA,NA,NA,NA,NA,NA,0.666666666666667,84659105.9262183,0.571428571428571,0.215189873417722,0,0,0,0,0,0,0,1,0,0,0,0
"148",0,0,1,0,805,-130.42953,2.7730468678373,1,0,0,0,0,1,1,1,272,332,210,60.936,0.157003748809665,1.35,-0.415785116683722,7.17839291682466,NA,9.77631248702257,18.8,NA,NA,NA,NA,210,17.6,NA,NA,NA,115.7495,0.2,1494965.81763764,0.25,0.214285714285714,1,0,0,0,0,0,0,0,0,1,0,0
"149",0,0,1,0,805,-115.33658,2.53240320810973,1,0,0,0,0,1,0,0,53.355,42,21,21.91392,1.75871961514985,4.57,-2.49938471296865,0.22314355131421,2.19165353228676,2.92584614608982,6,NA,NA,NA,NA,19.6,4,NA,2.72785282839839,2.89037175789616,9.5,0.3,1841648.16929007,0.1875,0.345238095238095,0,0,0,0,0,0,1,0,0,1,0,1
"150",0,0,1,0,805,-111.53614,2.31041657581004,1,0,0,0,0,1,0,0,53.355,42,19,21.91392,1.80335860507141,4.57,-2.49938471296865,0.22314355131421,2.19165353228676,3.02042488614436,6,0.01,0.3,0.271,310.05,19.6,5,NA,2.72785282839839,2.89037175789616,9.5,0.3,88331354.1465014,1,0.94047619047619,0,0,0,0,0,0,1,0,0,1,0,1
"151",0,0,1,0,805,-127.82064,3.35414324983958,1,0,0,0,0,1,0,0,NA,NA,NA,NA,NA,NA,NA,NA,NA,3.24765762629365,NA,NA,NA,NA,NA,NA,NA,NA,NA,NA,NA,0.3,1683214.50303851,0.375,0.285714285714286,0,0,0,0,0,0,1,0,0,1,0,0
"152",0,0,1,0,805,-144.72379,1.64612361926099,1,0,0,0,0,1,0,0,94.98016,365,43,45.34964,1.91028297141216,1,-0.000684694349687224,0.832909122935104,3.27978275977172,4.70347587477221,12.5,NA,NA,1.276,312.75,43.26174,11.141667,NA,5.78074351579233,4.83230575857184,27.0325,0.4,41482667.3780396,0.75,0.476190476190476,1,1,0,0,0,0,0,0,0,1,0,0
"153",0,0,1,0,805,-158.74616,2.72995450112676,1,0,0,0,0,1,1,1,310.25,322,42,54.39,2.03861954715958,1.26,-0.621192688337718,2.2512917986065,NA,6.69579891705849,14,NA,NA,NA,NA,41.49,11.1,NA,6.85118492749374,NA,40.946,0.4,6011048.91337118,0.375,0.30952380952381,1,1,0,0,0,0,0,0,0,1,0,0
"154",0,0,1,0,799,-113.39174,3.28013247469604,0,0,0,1,0,1,0,0,NA,NA,NA,NA,NA,NA,NA,NA,NA,1.94591014905531,41,NA,NA,NA,NA,NA,41,NA,NA,NA,NA,0.1,7665089.93408205,0.625,0.333333333333333,1,0,1,0,0,0,0,0,0,1,0,1
"155",0,0,1,0,799,-118.87952,3.26900838610801,0,0,0,1,0,1,0,0,365,456,NA,NA,0,1,-0.000684694349687224,NA,NA,1.66770682055808,24,NA,NA,NA,NA,NA,11.5,NA,NA,NA,5,0.1,4114045.97139329,0.4375,0.226190476190476,1,0,1,0,0,0,0,0,0,1,0,1
"156",0,0,1,0,799,-116.45354,2.82940323044355,0,0,0,1,0,1,0,0,245.3,210,55,25.5,0,1,-0.000684694349687224,0.727548607277278,1.9154509415706,1.96711235670592,34,NA,NA,0.051,305.15,57.395,29,NA,NA,1.75785791755237,5.27,0.1,12040869.6646581,0.4375,0.30952380952381,1,0,1,0,0,0,0,0,0,1,0,1
"157",1,0,0,0,806,-137.88521,1.81601564876395,0,0,0,0,1,NA,NA,NA,NA,NA,NA,NA,NA,NA,NA,NA,NA,5.34591634534732,NA,NA,NA,NA,NA,NA,NA,NA,NA,NA,15.875,0.166666666666667,194189767.632103,0.583333333333333,0.327586206896552,0,0,0,0,0,0,0,1,0,0,0,0
"158",0,0,0,0,773,-131.483746,2.01458786638415,1,NA,1,0,0,NA,NA,NA,NA,NA,NA,NA,4.63472898822964,1,NA,NA,NA,2.16332302566054,8.7,NA,NA,NA,NA,NA,NA,NA,NA,NA,5.5,NA,367635.247646317,0.1875,0.119047619047619,0,0,0,0,0,0,0,0,0,0,0,0
"159",1,0,0,0,803,-156.87654,4.28417255285857,1,0,0,0,0,NA,NA,NA,NA,NA,NA,NA,NA,NA,NA,NA,NA,1.59707610487822,NA,NA,NA,NA,NA,NA,NA,NA,NA,NA,NA,0.166666666666667,29715143.7369095,0.1875,0.0476190476190476,1,0,0,0,1,0,0,1,0,0,0,0
"160",0,1,0,0,811,-132.186257,3.36339820357675,0,1,1,0,0,0,0,1,NA,NA,NA,NA,NA,NA,NA,NA,NA,2.73111547403321,NA,NA,NA,NA,NA,NA,NA,NA,NA,2.73111547403321,NA,0.2,704022.97288702,0.1875,0.178571428571429,1,0,0,1,0,0,0,0,1,0,0,0
"161",0,0,1,0,804,-122.35657,1.827214431283,NA,NA,NA,NA,NA,NA,NA,NA,NA,NA,NA,NA,NA,NA,NA,NA,NA,NA,NA,NA,NA,NA,NA,NA,NA,NA,NA,NA,NA,NA,1081965.14757663,0.0625,0.0357142857142857,0,0,0,0,0,0,0,0,0,1,0,1
"162",0,1,0,0,809,-130.73572,4.09477829512444,1,0,0,0,0,0,0,1,NA,NA,NA,NA,1.09861228866811,NA,NA,NA,NA,7.54960916515453,25.8,NA,NA,NA,NA,NA,17,NA,NA,7.52294091807237,56,0.3,2836.88425707743,0.0625,0.0119047619047619,1,0,0,0,0,0,0,0,1,0,0,0
"163",0,0,1,0,805,-133.24279,2.88488483400021,0,0,1,0,0,0,0,1,3069.409,NA,NA,724,0,NA,NA,6.20925378966027,NA,8.79801453278233,46.1,NA,NA,NA,NA,207.59112,40.845833,NA,NA,NA,59,0.3,51340.5237931173,0.0625,0.0238095238095238,1,0,0,0,0,1,0,0,0,1,0,0
"164",0,0,0,1,828,-124.03759,2.08381786442844,NA,NA,NA,NA,NA,NA,NA,NA,288,240,NA,NA,2.7408400239252,1,NA,1.90954250488444,NA,1.73659671843583,14.1,NA,NA,NA,NA,NA,14.1,NA,NA,6.85435450225502,NA,NA,644872.624983266,0.375,0.154761904761905,0,0,0,0,0,0,0,0,0,0,1,1
"165",1,0,0,0,805,-129.88288,2.13279594627439,1,0,0,0,0,NA,NA,NA,NA,28,NA,NA,NA,NA,NA,NA,NA,NA,1.1,NA,NA,NA,NA,NA,NA,NA,NA,NA,NA,NA,29715143.7369095,0.0625,0.0119047619047619,0,0,0,0,0,0,0,1,0,0,0,0
"166",0,1,0,0,807,-122.93688,2.73362008812897,1,1,0,0,0,0,0,1,NA,NA,NA,NA,2.07944154167984,NA,NA,NA,NA,6.12686918411419,NA,NA,NA,NA,NA,NA,NA,NA,NA,6.12686918411419,NA,0.4,118590.61590052,0.125,0.0238095238095238,1,0,0,0,0,0,0,0,1,0,0,1
"167",1,0,0,0,806,-149.84035,4.89680645415402,0,0,0,0,1,NA,NA,NA,NA,NA,NA,NA,NA,NA,NA,NA,NA,NA,NA,NA,NA,NA,NA,NA,NA,NA,NA,NA,NA,0.5,35678577.7916252,0.166666666666667,0.0732758620689655,0,0,0,0,1,0,0,1,0,0,0,0
"168",0,1,0,0,810,-115.73756,3.09723742827558,1,0,0,0,0,0,0,1,NA,NA,27.5,NA,2.16905370036952,1,NA,3.19867311755068,NA,7.22620901010067,NA,NA,NA,NA,NA,NA,NA,7.36391350140582,7.37306038744632,7.1693500166706,58,0.4,13660572.1570595,0.625,0.369047619047619,0,0,0,0,0,0,0,0,1,0,0,1
"169",0,0,1,0,804,-140.85531,2.43068251066787,1,0,0,0,0,1,0,0,326.63,304,61,48.345,1.84054963339749,1,-0.000684694349687224,4.47072408943517,6.65929391968364,8.35042997353814,16.6,NA,NA,NA,311.15,61.84,12.5,NA,8.15190987294091,NA,56.369,0.5,11549507.0565704,0.625,0.452380952380952,1,1,0,0,0,0,0,0,0,1,0,0
"170",0,0,1,0,808,-141.30469,1.88080349936463,1,0,0,0,0,1,1,1,347.57912,NA,30,26.45,1.09861228866811,2.11,-2.49257461362345,2.19722457733622,4.39592953984287,4.94306997460049,7.316667,NA,NA,0.932,313.25,30.436,7,NA,NA,4.69134788222914,19,0.1,894668.89741321,0.25,0.202380952380952,1,0,0,0,0,0,0,0,0,1,0,0
"171",0,0,1,0,831,-127.24773,3.49682244173192,1,0,0,0,0,0,0,1,187.19,182,90,36,1.66959183525385,1.8,NA,2.64617479738412,4.26549281841793,5.32220477700138,14,NA,NA,0.958,310.75,90.09056,7.1,NA,NA,5.29631536387736,23.75,0.3,63501.3474678978,0.125,0.0238095238095238,1,0,0,0,0,0,1,0,0,1,0,0
"172",0,0,1,0,679,-132.63284,5.08793145813372,1,0,0,0,0,1,1,0,309,417,198,129,0.536493370514568,1,-0.183291222768087,8.00636756765025,10.4232133519749,11.0870535470844,23,NA,NA,123.447,312.15,201.39,21.6,NA,10.7099634184031,11.0326694592601,180.6845,0.2,14410637.3957417,0.875,0.654761904761905,1,0,0,0,0,0,0,0,0,1,0,0
"173",1,0,0,0,807,-152.50075,3.09250776923483,1,0,0,0,1,NA,NA,NA,NA,912,NA,NA,8.1605182474775,NA,NA,NA,NA,6.52226925318929,11,NA,NA,NA,NA,18,NA,NA,NA,NA,NA,NA,379087531.573217,0.857142857142857,0.392405063291139,1,0,0,0,0,0,0,1,0,0,0,0
"174",0,1,0,0,824,-128.03056,2.42235948713003,0,1,1,0,0,0,0,1,NA,NA,28,NA,1.09861228866811,NA,NA,NA,NA,6.67582322163485,NA,NA,NA,NA,NA,NA,NA,6.67582322163485,NA,6.62406522779989,NA,0.1,7559878.7361224,0.4375,0.464285714285714,1,0,0,0,0,0,0,0,1,0,0,0
"175",0,0,1,0,804,-116.1652,3.55066689635748,0,0,0,0,1,1,1,1,4206.86392,4930,435,443.38,0,0.21,1.38595207254584,11.978753701885,NA,15.2741255806638,100,NA,14,NA,309.15,454.72102,90,NA,NA,15.7976148667552,922.632,0.3,129501677.749245,0.9375,0.55952380952381,0,0,0,0,0,0,0,0,0,1,0,1
"176",1,0,0,0,821,-149.28635,1.83160766374485,1,0,0,0,0,NA,NA,NA,NA,NA,NA,NA,NA,NA,NA,NA,NA,NA,NA,NA,NA,NA,NA,NA,NA,NA,NA,NA,NA,0.833333333333333,133221678.662997,0.75,0.44047619047619,1,0,0,0,1,0,0,1,0,0,0,0
"177",1,0,0,0,821,-140.68319,3.95336029149044,1,0,0,0,0,NA,NA,NA,NA,NA,NA,NA,NA,NA,NA,NA,NA,4.92362391710663,9,NA,NA,NA,NA,NA,NA,NA,NA,NA,14.6625,0.833333333333333,133221678.662997,0.875,0.702380952380952,1,0,0,0,1,0,0,1,0,0,0,0
"178",0,0,1,0,806,-118.05669,2.63875068522545,1,0,0,0,0,1,1,1,645.23,548,17,113.485,0.693147180559945,1.1,-0.000684694349687224,NA,NA,7.11069612297883,22.6,NA,NA,1.931,307.15,14.74,17,NA,NA,6.93760530095102,41.918,0.2,901638.004983449,0.375,0.130952380952381,0,0,0,0,0,0,0,0,0,1,0,1
"179",0,0,1,0,799,-122.25866,2.02828514168989,1,0,0,0,0,1,1,0,755.15,730,225,102.56932,0.0295588022415444,1,-0.000684694349687224,7.49554194388426,8.74033674273045,10.9362306573498,29.8,NA,NA,34.275,307.65,222.05,24,NA,NA,10.77895628989,141.7215,0.1,19273002.4910421,0.5625,0.345238095238095,1,0,0,0,0,0,0,0,0,1,0,1
"180",0,0,1,0,805,-117.27522,3.21555826112149,1,0,0,0,0,1,0,0,185.61,NA,30,26.15,1.65632149833295,4.415,-2.53328625624778,3.67908161163383,5.3590831548706,7.54960916515453,18,NA,NA,7.395,312.15,30.59594,10,NA,7.96831950001272,NA,45,0.1,634229.133009514,0.125,0.107142857142857,1,0,0,0,0,0,0,0,0,1,0,1
"181",1,0,0,0,819,-143.69441,2.89723461653041,1,0,0,0,0,NA,NA,NA,NA,NA,NA,NA,NA,NA,NA,NA,NA,NA,NA,NA,NA,NA,NA,NA,NA,NA,NA,NA,NA,NA,30944343.7183699,0.1875,0.0595238095238095,0,0,0,0,0,0,0,1,0,0,0,0
"182",0,0,1,0,805,-134.112509,2.61210070029831,0,0,1,0,0,1,0,0,344.83988,450,132,91.55374,0.231111720963387,1.715,-0.497904676562584,2.64262239577975,4.68522827815867,6.15965548530821,18.833333,NA,NA,3.927,309.15,128.74428,17,NA,NA,6.61035951434272,20,0.3,568222.529235507,0.25,0.107142857142857,1,0,0,0,0,1,0,0,0,1,0,0
"183",0,0,1,0,804,-131.57282,3.55151635683815,1,0,0,0,0,1,1,1,548,868.5,146,182,0.198850858745165,1,-0.000684694349687224,7.77327468548237,9.76995615991161,11.6082356447746,22.8,NA,NA,NA,311.95,158.89436,16.966667,NA,10.4631033404715,NA,158.5,0.1,NA,NA,NA,1,0,0,0,0,0,0,0,0,1,0,0
"184",0,0,1,0,805,-127.70722,2.49832312108209,1,0,0,0,0,1,0,0,NA,NA,NA,109.13,0.832909122935104,2,-0.693831874909632,NA,NA,8.36637030168165,27.4,NA,NA,NA,NA,NA,18,NA,NA,NA,69.7555,0.3,6472499.64669339,0.5,0.55952380952381,1,1,0,0,0,0,0,0,0,1,0,0
"185",0,0,1,0,805,-133.63701,1.35117315483002,0,1,0,0,0,0,0,1,3287.088,NA,232,854.74466,0,0.22,1.57829400874276,7.24405964437091,9.02701831484864,10.4665246240578,55,NA,NA,NA,NA,235.32043,48,NA,10.7144177687525,NA,78.8715,0.4,415766.365386442,0.0625,0.0238095238095238,1,0,0,0,0,1,0,0,0,1,0,0
"186",0,0,1,0,805,-134.59422,2.3778694449724,0,1,0,0,0,0,0,1,3636.98,2920,229,1112.13144,0.0723206615796261,0.2,1.29423010435291,7.4645212958889,9.04782144247841,10.7140510348471,74,0.04,8,NA,308.85,229,59.35,NA,10.6987399560332,NA,86.8045,0.3,2314278.19063827,0.1875,0.202380952380952,1,0,0,0,0,1,0,0,0,1,0,0
"187",1,0,0,0,805,-132.46726,2.76378195522006,1,0,0,0,0,NA,NA,NA,NA,NA,NA,NA,NA,NA,NA,NA,NA,NA,NA,NA,NA,NA,NA,NA,NA,NA,NA,NA,NA,0.5,30944343.7183699,0.3125,0.238095238095238,0,0,0,0,0,0,0,1,0,0,0,0
"188",0,0,1,0,805,-132.57504,1.8729377038937,1,0,0,0,0,1,0,0,937,771,97,110,0.76080582903376,1,0.231046528362205,6.30991827822652,7.57044325205737,10.8794612865715,27.3,NA,NA,NA,NA,97,23,NA,NA,NA,164.3855,0.1,34724460.2568351,0.8125,0.69047619047619,1,1,0,0,0,0,0,0,0,1,0,0
"189",0,0,1,0,797,-131.49184,2.54134705059256,1,0,0,0,0,1,1,1,1268,1415,105,121,0.943905898907128,0.4,0.76589753120535,7.12977019362553,9.30592324186991,11.7660160926524,26.3,NA,NA,133.859,310.65,105.19,26.275,NA,12.7381704045717,11.8342840637814,231.2395,0.1,1350365.8377493,0.5,0.380952380952381,1,1,0,0,0,0,0,0,0,1,0,0
"190",0,0,1,0,805,-134.48045,2.18051063706036,1,0,0,0,0,0,0,1,1583.185,1762,NA,338.96,0.00498754151103897,0.8,0.55892326248073,6.71270100408317,8.19981038665132,9.78293217749576,45,NA,NA,NA,NA,178.96,37.2125,9.5414051575081,10.0413781798756,9.44705541260047,76.2,0.4,7826934.9196583,0.375,0.30952380952381,1,0,0,0,0,1,0,0,0,1,0,0
"191",1,0,0,0,721,-144.451388,2.6414092563453,0,0,0,0,1,NA,NA,NA,NA,NA,NA,NA,NA,NA,NA,NA,NA,NA,NA,NA,NA,NA,NA,NA,NA,NA,NA,NA,NA,0.5,54786623.1291272,0.166666666666667,0.021551724137931,0,0,0,0,0,0,0,1,0,0,0,0
"192",1,0,0,0,808,-125.3575,3.7012494463957,1,0,0,0,1,NA,NA,NA,NA,NA,NA,NA,NA,NA,NA,NA,NA,NA,NA,NA,NA,NA,NA,NA,NA,NA,NA,NA,NA,0.166666666666667,85730966.8474972,0.25,0.120253164556962,0,0,0,0,1,0,0,1,0,0,0,1
"193",1,0,0,0,805,-116.97295,2.40654041693327,1,0,0,0,0,NA,NA,NA,NA,NA,NA,NA,NA,NA,NA,NA,NA,2.31845844215034,NA,NA,NA,NA,NA,NA,NA,NA,NA,NA,NA,NA,29715143.7369095,0.125,0.0714285714285714,0,0,0,0,0,0,0,1,0,0,0,1
"194",0,1,0,0,814,-124.99697,4.20860574063563,0,1,1,0,0,0,0,1,365,365,13.5,NA,2.15176220325946,1.5,NA,0.139761942375159,NA,2.89037175789616,15.417,NA,NA,NA,NA,NA,15.2,2.88480071284671,2.94706710157271,2.88340308858007,NA,0.5,32577984.2754979,1,0.773809523809524,1,0,0,1,0,0,0,0,1,0,0,1
"195",0,1,0,0,809,-120.56466,2.95710589905438,1,0,0,0,0,0,0,1,1001.802,913.2,30.5,NA,1.01160091167848,1,0,4.70048036579242,NA,9.07107830464268,35.3,NA,NA,NA,NA,NA,35.3,9.06675864349816,9.26624800391448,9.26511260782316,NA,0.1,80098.6878376535,0.1875,0.0595238095238095,1,0,0,0,0,0,0,0,1,0,0,1
"196",0,0,0,1,808,-111.91888,2.83363320522924,NA,NA,NA,NA,NA,NA,NA,NA,NA,NA,61.5,NA,2.67414864942653,NA,NA,NA,NA,7.75255000915122,7.3,NA,NA,NA,NA,NA,7.3,7.75255000915122,NA,7.75255000915122,NA,NA,NA,NA,NA,0,0,0,0,0,0,0,0,0,0,1,1
"197",1,0,0,0,820,-133.70361,2.75886749407958,1,0,0,0,0,NA,NA,NA,NA,NA,NA,NA,11.5129254649702,NA,NA,NA,NA,5.19017520792833,12,NA,NA,NA,NA,16,NA,NA,NA,NA,NA,0.5,23730757.5450827,0.375,0.30952380952381,0,0,0,0,1,0,0,1,0,0,0,0
"198",0,0,1,0,805,-136.42341,3.37885015170348,1,0,0,0,0,1,0,0,70.91588,NA,26,22.33,1.46902575871736,3.9,-2.63101305175127,0.636576829071551,2.20772481197009,3.10458667846607,8,0.001,0.5,0.213,309.85,25.26188,7.9,NA,3.10099278421148,3.10458667846607,10.0705,0.4,5831351.7659537,0.625,0.369047619047619,1,0,0,0,0,0,1,0,0,1,0,0
"199",0,0,1,0,805,-131.76553,3.17584618891826,1,0,0,0,0,1,0,0,59.95794,NA,24,22.575,1.52931186795482,3.55,-2.61218017803937,0.60431596685333,2.19165353228676,3.02042488614436,8.333333,NA,NA,0.219,309.75,26,7.95,NA,4.68776348429194,3.06339092202781,9.8875,0.4,13030881.6442095,0.75,0.345238095238095,1,0,0,0,0,0,1,0,0,1,0,0
"200",0,1,0,0,809,-123.39343,4.35684700648175,1,0,0,0,1,0,0,1,NA,NA,41,NA,0,1.4,NA,3.40119738166216,NA,5.84932477994686,NA,NA,NA,NA,NA,NA,NA,5.97126183979046,NA,5.82403150428561,NA,0.2,NA,NA,NA,1,0,0,0,0,0,0,0,1,0,0,1
"201",0,1,0,0,812,-122.03382,2.54186151419257,1,0,0,0,0,0,0,1,1460,1460,29,NA,1.32175583998232,1,NA,3.71357206670431,NA,7.69621263934641,27.166667,NA,NA,NA,NA,NA,21.625,7.60339933974067,7.78322401633604,7.70345904786717,NA,0.3,17350709.4421857,0.6875,0.476190476190476,1,0,0,0,0,0,0,0,1,0,0,1
"202",0,0,1,0,807,-124.369049,2.79234650239802,0,0,1,0,0,1,0,0,646,1095,31,342,0.00498754151103897,1,0.145607398272929,-1.02165124753198,7.05185562295589,8.63885668833471,22.1,NA,NA,5.744,308.95,31,20,NA,NA,8.46218775237951,85,0.1,1102194.40316651,0.375,0.0952380952380952,1,0,0,0,0,0,0,0,0,1,0,1
"203",0,1,0,0,808,-108.277528,1.89192377028017,1,0,0,0,0,0,0,1,240,240,24,NA,2.39789527279837,1,NA,3.02042488614436,NA,6.95057527616507,27,NA,NA,NA,NA,NA,27,6.8596149036542,7.12326980313186,6.89669433162271,57.5,0.4,16757729.7269213,0.875,0.511904761904762,0,0,0,0,0,0,0,0,1,0,0,1
"204",0,0,1,0,805,-141.77169,1.93572439409356,1,0,0,0,0,1,1,0,118,NA,NA,20,1.70110510095992,3.5,-2.43484609290921,0.570979546585738,2.66025953726586,3.35846383907525,3.908333,NA,NA,NA,NA,20,3.183333,NA,3.74714836223791,3.44361809754611,9.122,0.2,2049854.90195882,0.375,0.202380952380952,1,0,0,0,0,0,1,0,0,1,0,0
"205",0,0,1,0,804,-129.71877,2.74511892519148,0,1,0,0,0,1,0,0,NA,NA,105,NA,0,NA,NA,1.94591014905531,NA,3.69012867351437,9,NA,NA,0.267,307.75,105,9,NA,NA,3.51154543883102,9.7,0.3,12498386.8245376,0.5625,0.785714285714286,1,0,1,0,0,0,0,0,0,1,0,0
"206",0,0,1,0,804,-126.81317,3.00507552430513,0,0,0,0,1,1,1,1,3857.52,5750,NA,415.76,0,0.23,1.24481122559127,13.5593271525719,14.1081801719271,16.1280459818115,100,NA,NA,NA,NA,464.62,77,NA,NA,17.2430252479438,1098.769,0.1,NA,NA,NA,0,0,0,0,0,0,0,0,0,1,0,1
"207",0,0,1,0,805,-133.1645,1.05744676566824,0,0,1,0,0,0,0,1,1490.14656,NA,NA,665.93968,0,NA,NA,NA,NA,8.9878528554241,NA,NA,NA,NA,NA,171.35468,NA,8.88875674784872,9.12766503530727,NA,NA,0.2,3893.26266230623,0.1875,0.0476190476190476,1,0,0,0,0,1,0,0,0,1,0,0
"208",0,0,1,0,803,-139.69167,2.70846181604985,0,0,0,1,0,1,0,0,NA,NA,NA,NA,0.786182046527135,NA,NA,0.0392207131532813,NA,1.6854725987101,2.908333,NA,NA,NA,NA,71.48,2.908333,1.56861591791385,1.53686721959926,NA,NA,0.1,3910979.37424714,0.4375,0.30952380952381,0,0,1,0,0,0,0,0,0,1,0,0
"209",0,1,0,0,811,-118.49649,2.11924208697878,0,1,1,0,0,0,0,1,NA,NA,NA,NA,0.693147180559945,NA,NA,NA,NA,2.73436750941958,NA,NA,NA,NA,NA,NA,NA,2.63905732961526,2.62466859216316,2.73436750941958,NA,0.2,2614150.06848036,0.25,0.30952380952381,1,0,0,1,0,0,0,0,1,0,0,1
"210",1,0,0,0,808,-144.96346,4.33592662304662,1,0,0,0,0,NA,NA,NA,NA,NA,NA,NA,NA,NA,NA,NA,NA,NA,NA,NA,NA,NA,NA,NA,NA,NA,NA,NA,NA,NA,23730757.5450827,0.4375,0.107142857142857,1,0,0,0,0,0,0,1,0,0,0,0
"211",1,0,0,0,808,-132.68369,3.13084105684435,1,0,0,0,1,NA,NA,NA,NA,NA,NA,NA,NA,NA,NA,NA,NA,NA,NA,NA,NA,NA,NA,NA,NA,NA,NA,NA,2.91666666666667,0.166666666666667,125081492.894251,0.642857142857143,0.161392405063291,1,0,0,0,0,0,0,1,0,0,0,0
"212",1,0,0,0,808,-152.989612,2.74890532399434,1,0,0,0,0,NA,NA,NA,NA,NA,NA,NA,NA,NA,NA,NA,NA,-0.156057098572411,NA,NA,NA,NA,NA,NA,NA,NA,NA,NA,5.2,0.166666666666667,32165230.6017591,0.5625,0.369047619047619,1,0,0,0,0,0,0,1,0,0,0,0
"213",1,0,0,0,809,-143.577615,1.52232471647259,1,0,0,0,0,NA,NA,NA,NA,74,NA,NA,NA,NA,NA,NA,NA,-1.79175946922805,5,0.07,0.8,NA,NA,NA,NA,NA,NA,NA,NA,0.166666666666667,133221678.662997,0.75,0.69047619047619,1,0,0,0,0,0,0,1,0,0,0,0
"214",0,0,0,1,821,-123.484758,3.29010078735794,1,0,1,0,0,0,0,1,547.5,NA,75,NA,2.94443897916644,6,NA,1.15057202759882,NA,5.95324333428778,12,NA,NA,NA,NA,NA,12,NA,NA,6.80239476332431,25,NA,2319741.28456601,0.25,0.0833333333333333,0,0,0,0,0,0,0,0,0,0,1,1
"215",0,0,1,0,805,-141.14581,2.68858284084964,0,0,1,0,0,0,0,1,2936.81,2555,NA,1088.8,0.131028262406404,0.22,1.54410509832937,7.42173392673953,9.30565055178051,10.885721256345,60,NA,NA,NA,NA,259.42,59,NA,11.2204318355212,NA,119.5,0.3,17958.8008040685,0.0625,0.0238095238095238,1,0,0,0,0,1,0,0,0,1,0,0
"216",0,0,1,0,805,-109.53829,2.10090561872202,1,0,0,0,0,1,0,0,365,365,63,91,1.22082992139236,1,-0.000684694349687224,4.38202663467388,7.06902342657826,8.53208180390999,21,NA,NA,10.428,311.15,63.91434,20.583333,NA,8.54286093816481,8.48512444189073,60,0.4,11684834.8565958,0.8125,0.464285714285714,1,1,0,0,0,0,0,0,0,1,0,1
"217",0,0,1,0,826,-133.44775,1.82055701076467,0,0,1,0,0,0,0,1,1074.90716,912,NA,179.395,0.00995033085316809,1,-0.000684694349687224,4.50030954537192,NA,8.19497350297379,30.5,NA,NA,NA,NA,145.5246,20.6,NA,NA,8.11671562481911,51.1245,0.2,30814.2627228336,0.0625,0.0119047619047619,1,0,0,0,0,1,0,0,0,1,0,0
"218",0,0,0,1,861,-119.73937,1.84503931186664,NA,NA,NA,NA,NA,NA,NA,NA,NA,NA,NA,NA,NA,NA,NA,NA,NA,NA,NA,NA,NA,NA,NA,NA,NA,NA,NA,NA,NA,NA,3572456.6228229,0.5,0.30952380952381,0,0,0,0,0,0,0,0,0,0,1,1
"219",0,0,0,1,828,-128.16685,3.01432715626555,NA,NA,NA,NA,NA,NA,NA,NA,372,NA,41,NA,2.484906649788,NA,NA,1.96711235670592,NA,8.24774388722552,7,NA,NA,NA,NA,50,7,NA,NA,NA,NA,NA,3191159.74877295,0.4375,0.119047619047619,0,0,0,0,0,0,0,0,0,0,1,0
"220",0,1,0,0,809,-120.69288,2.55322095348862,1,0,0,0,0,0,0,1,NA,NA,NA,NA,1.6094379124341,NA,NA,NA,NA,3.8448142557347,NA,NA,NA,NA,NA,NA,NA,NA,3.8177123259569,NA,19,0.1,2252414.67651351,0.25,0.178571428571429,1,0,0,1,0,0,0,0,1,0,0,1
"221",0,1,0,0,631,-125.59772,4.19407295008881,1,1,0,0,0,0,0,1,NA,NA,NA,NA,1.09861228866811,NA,NA,NA,NA,5.82600010738045,NA,NA,NA,NA,NA,NA,NA,5.8171111599632,5.8348107370626,5.82968064153158,NA,0.1,810480.402851555,0.25,0.19047619047619,1,0,0,0,0,0,0,0,1,0,0,1
"222",0,0,1,0,805,-131.9994,2.05613075027398,0,0,1,0,0,1,0,0,NA,NA,NA,89.17,0.0953101798043249,1,NA,NA,NA,6.46320884800541,19.7,NA,NA,NA,NA,NA,19.666667,NA,NA,NA,25.46,0.1,1427125.68436014,0.375,0.166666666666667,1,0,1,0,0,0,0,0,0,1,0,0
"223",0,0,1,0,804,-132.36049,2.88710030978797,0,0,1,0,0,1,0,0,NA,NA,NA,91.32,0,1,NA,4.89034912822175,NA,6.85085153859251,20.9,NA,NA,4.486,310.05,NA,18.466667,NA,NA,6.69703424766648,27.907,0.1,1940626.00196736,0.25,0.357142857142857,1,0,1,0,0,0,0,0,0,1,0,0
"224",0,0,1,0,805,-130.28108,1.97483033690379,1,0,0,0,0,1,1,1,912,912,92,90,1.01523067972906,0.47,0.62438162073574,5.99146454710798,8.1605182474775,10.77895628989,23.8,NA,NA,49.326,310.75,92.3,21.854167,NA,NA,10.5240640402612,167.7665,0.1,22660260.5973164,0.9375,0.845238095238095,1,1,0,0,0,0,0,0,0,1,0,0
"225",1,0,0,0,803,-152.4653512,2.77844580061939,0,0,0,0,0,NA,NA,NA,NA,NA,NA,NA,NA,NA,NA,NA,NA,NA,NA,NA,NA,NA,NA,NA,NA,NA,NA,NA,NA,0.333333333333333,29715143.7369095,0.125,0.0238095238095238,1,0,0,0,1,0,0,1,0,0,0,0
"226",1,0,0,0,804,-136.51523,3.28205875939343,1,0,0,0,0,NA,NA,NA,NA,NA,NA,NA,NA,NA,NA,NA,NA,2.13771044980381,NA,NA,NA,NA,NA,NA,NA,NA,NA,NA,20.5,0.666666666666667,48584700.732382,0.5,0.416666666666667,0,0,0,0,0,0,0,1,0,0,0,0
"227",0,1,0,0,798,-124.59651,1.69232247350597,1,0,0,0,1,0,0,1,1366.569,NA,34,NA,0.693147180559945,1,NA,NA,NA,8.48673398393153,18,NA,NA,NA,NA,NA,18,8.4595640785796,8.55159461813357,8.4446224985814,70,0.2,NA,NA,NA,1,0,0,0,0,0,0,0,1,0,0,1
"228",0,0,0,1,827,-123.79649,4.94650027133664,NA,NA,NA,NA,NA,NA,NA,NA,1095,1095,63.5,NA,3.31418600467253,1,NA,4.71133038181648,NA,9.74683374249075,34.2,NA,NA,NA,NA,91.32,34.170833,NA,NA,9.42302946538653,NA,NA,3149109.73145029,0.375,0.476190476190476,0,0,0,0,0,0,0,0,0,0,1,1
"229",0,0,1,0,805,-125.82212,2.51764563731894,1,0,0,0,0,1,0,0,78.78396,70,21,25,2.1809822712348,3.68,NA,1.75958057086382,4.15496918403854,5.63478960316925,5,0.002,0.3,1.404,310.25,21.60956,5,NA,6.32793678372919,5.3322355847515,30,0.4,19191093.6051628,0.9375,0.595238095238095,0,0,0,0,0,0,1,0,0,1,0,1
"230",0,0,0,0,815,-122.70993,2.03506162453786,1,NA,NA,0,0,NA,NA,NA,NA,NA,NA,NA,NA,1,NA,NA,NA,NA,NA,NA,NA,NA,NA,NA,NA,NA,NA,NA,24.6,NA,175876.553884268,0.0625,0.0119047619047619,0,0,0,0,0,0,0,0,0,0,0,1
"231",0,0,1,0,805,-118.52689,2.33405385896631,0,0,0,1,0,1,0,0,NA,NA,NA,NA,-0.0202027073175195,NA,NA,NA,NA,2.92423627184892,NA,NA,NA,NA,NA,NA,NA,NA,NA,NA,NA,0.1,2859335.95477335,0.1875,0.226190476190476,1,0,1,0,0,0,0,0,0,1,0,1
"232",0,0,1,0,805,-122.42454,2.95889422108252,0,0,0,1,0,1,0,0,778.845,730,80,52.935,-0.0100503358535015,1,-0.000684694349687224,1.74396880539171,NA,3.13004461116159,30.5,NA,NA,NA,NA,85.62,30,NA,NA,NA,6.9,0.1,9751019.67145276,0.75,0.488095238095238,1,0,1,0,0,0,0,0,0,1,0,1
"233",0,0,1,0,805,-114.24104,2.19205289838848,0,0,0,1,0,1,0,0,NA,NA,NA,60.41,-0.0100503358535015,NA,NA,NA,NA,2.23964529322017,NA,NA,NA,NA,NA,119.61,NA,NA,NA,NA,NA,0.1,12125111.2656559,0.5,0.333333333333333,1,0,1,0,0,0,0,0,0,1,0,1
"234",0,0,1,0,805,-138.687266,2.46602221309362,0,0,0,1,0,1,0,0,NA,NA,NA,NA,-0.0202027073175195,NA,NA,NA,NA,1.8213182714696,NA,NA,NA,NA,NA,NA,NA,NA,NA,NA,NA,0.1,2405475.71356713,0.5,0.321428571428571,1,0,1,0,0,0,0,0,0,1,0,0
"235",0,0,1,0,805,-161.49769,4.16249074085056,0,0,0,1,0,1,0,0,NA,NA,NA,NA,NA,NA,NA,NA,NA,2.4466854369678,NA,NA,NA,NA,NA,NA,NA,2.72785282839839,NA,NA,NA,0.1,3176331.02282097,0.4375,0.297619047619048,1,0,1,0,0,0,0,0,0,1,0,0
"236",0,0,1,0,805,-112.460158,3.12529390843237,0,0,0,1,0,1,0,0,NA,NA,NA,41.85,0,NA,NA,0.943905898907128,1.85785927093258,1.6094379124341,NA,NA,NA,NA,NA,NA,NA,NA,NA,NA,NA,0.1,3582812.62074313,0.5,0.476190476190476,0,0,1,0,0,0,0,0,0,1,0,1
"237",0,0,1,0,805,-119.62855,1.90859687394227,0,0,0,1,0,1,0,0,451.11,NA,NA,59.42,-0.0100503358535015,1,NA,1.05082162483176,2.39789527279837,2.32776539152434,5,NA,NA,NA,NA,123.54,5,2.29253475714054,2.14006616349627,NA,NA,0.3,2168584.37928602,0.375,0.178571428571429,1,0,1,0,0,0,0,0,0,1,0,1
"238",0,0,1,0,805,-134.48783,1.75041840207801,0,0,1,0,0,0,0,1,NA,NA,199,NA,0,NA,NA,NA,NA,9.59899836176797,29.5,NA,NA,NA,NA,199.34,26.645833,9.41735454136051,9.81005560774357,NA,70.355,0.3,310252.177526911,0.1875,0.0714285714285714,1,0,0,0,0,1,0,0,0,1,0,0
"239",0,0,1,0,805,-124.49258,2.10183208167435,0,0,1,0,0,1,0,0,365,365,116,122,0.0344014267173323,2,NA,3.04737550670583,4.30135873160643,4.89783979995091,22.9,NA,NA,0.684,307.95,116,22.9,NA,NA,4.98360662170834,17.2185,0.2,4071413.31144199,0.5625,0.345238095238095,1,0,1,0,0,0,0,0,0,1,0,1
"240",0,0,1,0,805,-137.98163,3.41931060499693,0,0,1,0,0,0,0,1,1090.58878,1826,158,177,0,1.07,0.0240079197051012,4.67749084756772,6.01737592889248,6.68426791857235,30.3,NA,NA,NA,NA,162.545,28.595833,NA,6.65801104587075,6.72946558330155,32.2,0.5,1373872.35393986,0.25,0.166666666666667,1,0,0,0,0,1,0,0,0,1,0,0
"241",1,0,0,0,816,-120.4007,1.18321483538141,0,0,0,0,1,NA,NA,NA,NA,NA,NA,NA,NA,NA,NA,NA,NA,2.24442617882051,NA,NA,NA,NA,NA,NA,NA,NA,NA,NA,NA,0.166666666666667,163420470.286607,0.583333333333333,0.232758620689655,1,0,0,0,1,0,0,1,0,0,0,1
"242",1,0,0,0,808,-130.05418,4.56275444874646,1,0,0,0,1,NA,NA,NA,1338,1338,NA,NA,NA,NA,NA,NA,NA,NA,16,NA,NA,NA,NA,NA,NA,NA,NA,NA,NA,0.5,121568388.511317,0.464285714285714,0.123417721518987,0,0,0,0,1,0,0,1,0,0,0,0
"243",0,0,1,0,806,-116.61497,3.74932437055887,1,0,0,0,0,1,0,0,730.56,730,26,243.33,1.07840958135059,1,-0.000684694349687224,-3.82814152144744,6.74523634948436,8.77955745588373,13.058333,NA,NA,8.664,308.95,26,8.1,8.85366542803745,9.10497985631836,8.7204278697904,67.893,0.1,64284.1346930471,0.0625,0.0357142857142857,1,0,0,0,0,0,0,0,0,1,0,1
"244",1,0,0,0,809,-123.74117,2.2584246205658,1,0,0,0,0,NA,NA,NA,NA,NA,NA,NA,NA,NA,NA,NA,NA,2.51567830845475,NA,NA,NA,NA,NA,NA,NA,NA,NA,NA,NA,0.333333333333333,30944343.7183699,0.125,0.0476190476190476,0,0,0,0,0,0,0,1,0,0,0,1
"245",0,1,0,0,809,-117.67294,2.71762883215007,1,1,0,0,0,0,0,1,NA,NA,12.5,NA,1.33762918913861,2,NA,-0.116533816255952,NA,3.04452243772342,24,NA,NA,0.230065,314.15,NA,24,2.72785282839839,2.98315349134713,2.65850975554207,NA,0.4,10528.4093350665,0.0625,0.0119047619047619,1,0,0,1,0,0,0,0,1,0,0,1
"246",1,0,0,0,807,-149.39332,2.21555770295227,0,0,0,0,1,NA,NA,NA,NA,NA,NA,NA,NA,NA,NA,NA,NA,NA,NA,NA,NA,NA,NA,NA,NA,NA,NA,NA,60.5,0.5,279391451.09835,0.916666666666667,0.297413793103448,0,0,0,0,1,0,0,1,0,0,0,0
"247",1,0,0,0,807,-156.56712,4.52622320797864,0,0,0,0,1,NA,NA,NA,NA,NA,NA,NA,NA,NA,NA,NA,NA,NA,NA,NA,NA,NA,NA,NA,NA,NA,NA,NA,NA,0.5,280023873.570365,0.833333333333333,0.267241379310345,0,0,0,0,1,0,0,1,0,0,0,0
"248",1,0,0,0,809,-126.93477,3.39432683002093,1,0,0,0,0,NA,NA,NA,NA,NA,NA,NA,NA,NA,NA,NA,NA,NA,NA,NA,NA,NA,NA,NA,NA,NA,NA,NA,NA,NA,30944343.7183699,NA,NA,0,0,0,0,0,0,0,1,0,0,0,1
"249",1,0,0,0,777,-135.86953,1.93533826618387,1,0,0,0,0,NA,NA,NA,NA,NA,NA,NA,NA,NA,NA,NA,NA,NA,NA,NA,NA,NA,NA,NA,NA,NA,NA,NA,NA,NA,30944343.7183699,0.0625,0.0119047619047619,0,0,0,0,0,0,0,1,0,0,0,0
"250",0,0,1,0,803,-111.627665,3.15908996724355,1,0,0,0,0,1,1,1,325.96956,335,21,25,1.880990602956,1.9,-2.15626790068601,-0.82098055206983,2.14006616349627,2.10352421219579,3.2,NA,NA,0.348,308.15,21.00042,2,NA,NA,2.12823170584927,7.506,0.2,13236507.5921506,0.5625,0.321428571428571,1,0,0,0,0,0,0,0,0,1,0,1
"251",1,0,0,0,816,-152.13932,2.74848182974609,0,0,0,0,1,NA,NA,NA,NA,NA,NA,NA,NA,NA,NA,NA,NA,NA,11,NA,NA,NA,NA,NA,NA,NA,NA,NA,NA,0.833333333333333,31493218.6460955,0.25,0.0603448275862069,0,0,0,0,1,0,0,1,0,0,0,0
"252",1,0,0,0,807,-122.585664,3.57691340218599,0,0,0,0,1,NA,NA,NA,NA,NA,NA,NA,NA,NA,NA,NA,NA,NA,NA,NA,NA,NA,NA,NA,NA,NA,NA,NA,NA,0.166666666666667,32154361.1929799,0.25,0.0603448275862069,0,0,0,0,1,0,0,1,0,0,0,1
"253",0,1,0,0,811,-116.35725,1.89105412534914,1,0,0,0,0,0,0,1,3650,1825,30,NA,0.854415328156068,0.333,0.693147180559945,NA,NA,7.46737106691756,60,NA,NA,NA,NA,NA,60,7.3132203870903,7.63046126178363,NA,56.5,0.3,17744.129363574,0.0625,0.0238095238095238,1,0,0,0,0,0,0,0,1,0,0,1
"254",0,1,0,0,810,-128.07026,2.4694304917891,1,1,0,0,0,0,0,1,455.101,365,12,NA,1.6094379124341,2,NA,1.71018781553424,NA,4.35253345527911,22.916667,0.5,8,0.877,NA,NA,20.691667,4.36054760299676,4.41521960202965,4.23410650459726,NA,0.6,20011700.5681299,0.9375,0.452380952380952,1,0,0,1,0,0,0,0,1,0,0,0
"255",0,0,1,0,805,-121.83453,1.90312786459554,1,0,0,0,0,0,0,1,365,365,77,44,1.35066718347674,1,-0.000684694349687224,3.39282913199164,5.41832015894273,6.65415252018322,20.6,NA,NA,1.729,309.45,77,12.666667,NA,NA,6.74523634948436,31.7855,0.3,1758699.39884665,0.375,0.142857142857143,1,1,0,0,0,0,0,0,0,1,0,1
"256",0,0,1,0,805,-128.67843,2.22336969937775,1,0,0,0,0,1,1,0,334,768,115,97.88,1.71694612014939,1.5,-0.462502743359787,6.90274273715859,8.7749298418987,11.8130300574206,27,NA,NA,104.15,312.15,115.2,21,NA,12.0552497557956,11.8130300574206,157.4995,0.5,28026537.2113736,1,0.75,1,0,0,0,0,0,0,0,0,1,0,0
"257",1,0,0,0,806,-127.95488,1.29487462095757,1,0,0,0,0,NA,NA,NA,NA,NA,NA,NA,NA,NA,NA,NA,NA,NA,NA,NA,NA,NA,NA,NA,NA,NA,NA,NA,13.1,0.333333333333333,30944343.7183699,0.25,0.130952380952381,0,0,0,0,0,0,0,1,0,0,0,0
"258",0,1,0,0,811,-128.83711,1.89429190256177,0,0,1,0,0,0,0,1,60,60,14.15,NA,1.50407739677627,2,NA,-0.544727175441672,NA,2.4793353254089,14.5,NA,NA,NA,314.15,NA,13.25,2.484906649788,2.47653840011748,2.46385324059017,NA,0.1,83108.0226803519,0.0625,0.0357142857142857,1,0,0,1,0,0,0,0,1,0,0,0
"259",1,0,0,0,806,-125.824196,2.05963134083748,1,0,0,0,1,NA,NA,NA,NA,NA,NA,NA,NA,NA,NA,NA,NA,NA,NA,NA,NA,NA,NA,NA,NA,NA,NA,NA,NA,NA,85730966.8474972,0.107142857142857,0.0316455696202532,0,0,0,0,0,0,0,1,0,0,0,1
"260",0,1,0,0,703,-129.54813,1.86413407246129,0,1,1,0,0,0,0,1,NA,NA,NA,NA,NA,NA,NA,NA,NA,5.58911956633606,NA,NA,NA,NA,NA,NA,NA,NA,NA,5.58911956633606,NA,0.2,189792.610917868,0.125,0.0357142857142857,1,0,0,0,0,0,0,0,1,0,0,0
"261",0,0,0,1,828,-115.259136,1.37200318042391,NA,NA,NA,NA,NA,NA,NA,NA,NA,NA,NA,NA,2.2512917986065,NA,NA,0.575646273248511,NA,5.99146454710798,17.8,NA,NA,NA,NA,NA,15.8,NA,NA,NA,NA,NA,2537950.37633304,0.375,0.214285714285714,0,0,0,0,0,0,0,0,0,0,1,1
"262",0,0,1,0,805,-134.21412,2.89376934687077,1,0,0,0,0,0,0,1,1400.0934,2190,168,450.8572,0,0.5,0.723815129606618,6.14042320023282,8.26873183211774,9.67809835664852,36,NA,NA,NA,NA,172.41658,28,9.38597294061934,9.81874632408104,NA,67.25,0.1,103851.757044936,0.1875,0.0476190476190476,1,0,0,0,0,1,0,0,0,1,0,0
"263",0,1,0,0,805,-118.8845,3.16893884552332,1,0,0,0,0,0,0,1,NA,NA,NA,NA,1.70474809223843,NA,NA,NA,NA,6.53378883793334,NA,NA,NA,NA,NA,NA,NA,6.60394382460047,6.45833828334479,NA,NA,0.3,3971186.79540781,0.1875,0.321428571428571,1,0,0,0,0,0,0,0,1,0,0,1
"264",0,0,1,0,800,-120.06239,1.1166790760007,0,0,0,0,1,1,1,1,1500.79916,913,335,456,0,0.4,1.09827000009406,10.2967785222965,NA,12.8674711277755,56,NA,NA,70.0056,NA,334.58,30,NA,NA,13.0170028617465,399.739,0.1,1518388.48328028,0.25,0.0833333333333333,1,0,0,0,0,0,0,0,0,1,0,1
"265",0,0,1,0,804,-121.80908,3.66066091203336,0,0,0,0,1,0,0,1,3126.01038,4036,365,562.22892,0,0.5,1.09861228866811,9.87044769845793,NA,12.3458345879053,53,NA,NA,NA,NA,365,40,NA,NA,13.3847276418718,362.8955,0.2,254810401.905387,0.75,0.535714285714286,0,0,0,0,0,0,0,0,0,1,0,1
"266",0,1,0,0,809,-121.92695,3.534356412025,1,1,0,0,0,1,0,0,365,365,31.9,NA,1.63899671467564,1.75,NA,2.69799986524871,NA,5.94437293957413,34,NA,NA,NA,NA,NA,15.416667,5.97126183979046,6.03128604129465,5.87913536213406,NA,0.3,63139954.481061,0.875,0.94047619047619,1,0,0,0,0,0,0,0,1,0,0,1
"267",0,0,1,0,805,-164.69464,3.37815877240185,1,0,0,0,0,0,1,1,1320.475,1313,103,213,0.819779831493311,0.4,0.881893413188385,6.21458809822219,10.1658518170036,12.390475368528,50,NA,NA,NA,310.45,103,43.5,NA,12.1056996713834,NA,228.5,0.4,36215572.5017876,0.8125,0.5,1,1,0,0,0,0,0,0,0,1,0,0
"268",0,0,1,0,790,-148.12426,2.37687319401866,1,0,0,0,0,0,1,1,1734,1734,65,326.44,0.506817602368452,0.4,0.772507299938473,6.47639527332861,9.78414079490356,12.8258525795314,45,NA,NA,NA,309.95,147.41594,43.775,NA,12.9645392922108,NA,224.6275,0.2,22605413.562199,0.1875,0.166666666666667,1,1,0,0,0,0,0,0,0,1,0,0
"269",0,0,1,0,805,-105.614674,1.95850178430237,NA,NA,NA,NA,NA,NA,NA,NA,432,500,345,213,0.0392207131532813,NA,NA,8.88322423027899,NA,11.0348896640272,25.8,NA,NA,NA,312.25,NA,NA,NA,NA,NA,NA,NA,NA,NA,NA,0,0,0,0,0,0,0,0,0,1,0,1
"270",0,0,1,0,809,-125.032739,3.42025360040402,1,0,0,0,0,1,0,0,742.575,730,27,398.725,0,0.77,0.692462486210258,-0.703197516413447,8.64822145382264,10.1561899060919,30.025,NA,NA,NA,NA,28.5,26.1,NA,NA,NA,109.339,0.1,310428.619897115,0.3125,0.0952380952380952,1,0,0,0,0,0,0,0,0,1,0,1
"271",0,0,1,0,804,-141.37352,4.31330599625547,1,0,0,0,0,1,1,0,304,304,52,49.71,1.55445360410134,1,-0.000684694349687224,4.61005822006087,7.24208235925696,8.42951977714646,21.3,NA,NA,13.731,311.85,52.3525,15,NA,8.74193546409414,8.42951977714646,63,0.3,72402469.1816831,1,0.619047619047619,1,1,0,0,0,0,0,0,0,1,0,0
"272",0,0,0,0,862,-131.44672,1.71461200521997,1,NA,1,0,0,1,NA,NA,NA,NA,NA,NA,7.82404601085629,1,NA,NA,NA,4.86753445045558,30.3,NA,NA,NA,NA,NA,NA,NA,NA,NA,14.7,0.2,1706306.91051014,0.25,0.142857142857143,0,0,0,0,0,0,0,0,0,0,0,0
"273",1,0,0,0,808,-150.223802,2.90320144340616,1,0,0,0,0,NA,NA,NA,NA,NA,NA,NA,NA,NA,NA,NA,NA,NA,NA,NA,NA,NA,NA,NA,NA,NA,NA,NA,NA,NA,23730757.5450827,0.0625,0.0238095238095238,1,0,0,0,0,0,0,1,0,0,0,0
"274",1,0,0,0,808,-139.94198,2.28091002540653,1,0,0,0,0,NA,NA,NA,NA,NA,NA,NA,NA,NA,NA,NA,NA,NA,NA,NA,NA,NA,NA,NA,NA,NA,NA,NA,3.95,0.666666666666667,133221678.662997,0.75,0.464285714285714,1,0,0,0,0,0,0,1,0,0,0,0
"275",1,0,0,0,808,-138.566583,2.67758796545634,1,0,0,0,0,NA,NA,NA,NA,NA,NA,NA,NA,NA,NA,NA,NA,NA,NA,NA,NA,NA,NA,NA,NA,NA,NA,NA,2.75,0.166666666666667,110465075.071051,0.75,0.369047619047619,1,0,0,0,0,0,0,1,0,0,0,0
"276",0,0,1,0,806,-129.13509,3.57958965104785,0,0,0,0,1,1,1,0,1643.625,1826,259,315,0.0953101798043249,0.89,0.692462486210258,8.81856660819805,10.1266311038503,11.9741241946059,35.7,NA,NA,NA,311.25,334.84,30,11.6082356447746,12.8739020181058,NA,225.9485,0.2,1646713.73980194,0.125,0.0476190476190476,1,1,0,0,0,0,0,0,0,1,0,0
"277",0,1,0,0,811,-118.716322,3.45566082137637,1,1,0,0,0,0,0,1,364.234,365,13,NA,1.4036429994545,1.5,NA,1.02961941718116,NA,3.23277873003719,14.916667,NA,NA,0.278,NA,NA,9.7,3.22286784613774,3.27336401015227,3.23277873003719,NA,0.4,223957.953441557,0.0625,0.0595238095238095,0,0,0,1,0,0,0,0,1,0,0,1
