"ClassActinopterygii","haddock_score_mean","ForStrat.arboreal","ForStrat.aerial","ForStrat.marine","Activity.Crepuscular","male_maturity_d","incubation_d","log_litterclutch_size_n","log_inter_litterbirth_interval_y","log_birthhatching_weight_g","log_weaning_weight_g","log_adult_body_mass_g","maximum_longevity_y","metabolicRate_W","temperature_K","gestation_d","longevity_y","log_female_body_mass_g","log_male_body_mass_g","adult_svl_cm","diet_breadth","tnc_ecoregion_breadth","mass_specific_production","log_range_size","AA_83_Y","AA_30_negative","log_WOS_hits_synonyms"
1,-120.65368,0,0,1,NA,NA,NA,NA,NA,NA,NA,NA,NA,NA,NA,NA,NA,NA,NA,8.75,0.333333333333333,0.0948275862068965,NA,18.2694552297157,0,0,4.97673443207551
0,-127.07811,0,0,0,0,456,88,1.11185751541813,0.395145099532606,6.14274683130477,7.57044325205737,10.8312703964049,20.5,61.77,312.15,90.12,19,NA,NA,149.0215,0.1,0.30952380952381,0.0195781526800623,15.4485083027574,1,1,6.69456218228346
0,-114.98521,NA,NA,NA,NA,4380,65,3.68135118769314,NA,3.91202300542815,NA,11.0348896640272,85,0.1539,295.31,NA,56,10.7747809184795,NA,NA,NA,0.154761904761905,0.032016129032259,13.9441097508128,1,0,7.30518828259734
0,-114.48673,NA,NA,NA,NA,NA,70,3.00815479355255,NA,3.40119738166216,NA,9.58877680769643,70,NA,NA,NA,60.7,9.28266103355581,NA,NA,NA,0.0119047619047619,0.0416095890410961,9.25832385881903,1,0,4.75359105317496
0,-127.13681,0,0,1,NA,1460,NA,3.43398720448515,5.89989735358249,NA,NA,6.84933135884442,16,NA,NA,NA,NA,NA,NA,NA,0.833333333333333,0.120689655172414,NA,17.9586382089394,0,0,4.64439186067937
1,-120.615436,0,0,1,NA,NA,NA,NA,NA,NA,NA,NA,NA,NA,NA,NA,NA,NA,NA,NA,0.833333333333333,0.112068965517241,NA,18.2694552297157,0,0,4.92725440979462
1,-148.27299,0,0,0,NA,NA,NA,NA,NA,NA,NA,NA,8,NA,NA,NA,NA,NA,NA,8.25,0.833333333333333,0.428571428571429,NA,17.4887385843817,0,0,5.9814144637797
1,-135.73343,0,0,1,NA,NA,NA,NA,NA,NA,NA,NA,NA,NA,NA,NA,NA,NA,NA,NA,0.333333333333333,0.0387931034482759,NA,18.277171336601,0,0,1.94592443466756
0,-109.522796,0,0,0,0,365,26.5,2.35280280915466,NA,3.42426265459315,NA,7.02197642307216,29.1,4.068,NA,NA,29,7.00261080999482,7.09547888506509,57.5,0.5,0.464285714285714,0.287966547725244,16.4180697834653,0,0,7.98718478221241
0,-119.235404,1,0,0,0,258.74,45,0.262364264467491,NA,-1.51412773262978,NA,0.898126761246484,10,NA,NA,42,7,0.832909122935104,NA,4.9715,0.1,0.19047619047619,0.698981670061097,13.9827335458841,0,0,7.15539637996074
0,-111.097844,NA,NA,NA,NA,NA,20,0.693147180559945,0,NA,NA,4.74493212836325,14.833333,NA,NA,NA,14.83,4.68166815696082,4.70002571700077,NA,NA,0.0476190476190476,NA,11.7616303426972,0,1,1.6094579122341
0,-140.61918,1,0,0,0,NA,NA,0.0198026272961797,NA,NA,NA,6.67333589372355,11.391667,NA,NA,NA,11.391667,NA,NA,37,0.6,0.0833333333333333,NA,13.1077123299695,1,1,4.70048127488291
0,-116.162199,0,0,1,0,2007,63.5,0,0,NA,NA,10.3005844109738,40,NA,NA,NA,20,10.2921455423279,10.5505907945947,115,0.2,NA,NA,NA,0,1,5.42053544175006
0,-124.82624,NA,NA,NA,NA,547.92,79,0,NA,5.78382518232974,NA,7.86326672400957,40,NA,NA,NA,35,7.91022370709734,7.70751219460034,NA,NA,0.0119047619047619,0.156250000000001,5.4781160274636,0,0,1.6094579122341
1,-140.53076,0,0,0,NA,NA,NA,NA,NA,NA,NA,NA,NA,NA,NA,NA,NA,NA,NA,NA,NA,0.0595238095238095,NA,16.9822825514204,1,1,1.6094579122341
1,-167.815499,0,0,0,NA,NA,NA,NA,NA,NA,NA,NA,NA,NA,NA,NA,NA,NA,NA,NA,0.666666666666667,0.142857142857143,NA,17.2071673639548,1,1,2.48491498308661
1,-143.16457,0,0,0,NA,NA,NA,NA,NA,NA,NA,NA,NA,NA,NA,NA,NA,NA,NA,NA,0.166666666666667,0.297619047619048,NA,16.9822825514204,0,0,5.77455185610337
0,-125.41848,1,0,0,0,365,28,2.07944154167984,NA,2.18605127673809,NA,5.01462731536579,11,NA,NA,NA,8.7,5.04985600724954,4.98565930802608,23,0.3,0.464285714285714,0.59096945551129,16.2131406987404,0,1,5.87493101175087
1,-144.39074,0,0,0,NA,NA,NA,NA,NA,NA,NA,NA,NA,NA,NA,NA,NA,NA,NA,NA,NA,0.0357142857142857,NA,16.6856998472277,1,1,4.49981078144076
0,-110.391508,0,0,0,0,365,24.5,2.26176309847379,NA,3.52929738428947,NA,6.55322089954252,45.25,NA,NA,NA,22,6.52576252705911,6.58340922215876,43.5,0.4,0.19047619047619,0.466657163221665,14.1939285069306,0,0,5.44241814342213
0,-117.73942,0,0,1,0,2740,312,0,0.252001696502433,12.6760762747759,NA,15.8304135785065,50,NA,NA,306.6127,48.5,NA,NA,786.4655,0.2,0.55952380952381,0.0426666666666679,18.7286114974889,1,0,6.1590955999084
1,-152.391588,0,0,0,NA,NA,NA,NA,NA,NA,NA,NA,2,NA,NA,NA,NA,NA,NA,NA,0.333333333333333,0.202380952380952,NA,17.6988192395657,0,1,6.13556510753193
1,-124.717916,0,0,1,NA,NA,NA,NA,NA,NA,NA,3.60277675506052,NA,NA,NA,NA,NA,NA,NA,8.5,0.166666666666667,0.0537974683544304,NA,18.5769126135796,0,0,4.30406644455461
0,-128.36399,NA,NA,NA,NA,NA,NA,NA,NA,NA,NA,NA,NA,NA,NA,NA,NA,NA,NA,NA,NA,0.0476190476190476,NA,13.0593990704501,1,1,3.66356421022892
0,-128.36399,0,0,0,0,365.25,277,0,0,9.25272913846797,NA,13.335282678753,20,306.77,311.15,277,20,NA,NA,310,0.1,NA,0.0168643468342932,NA,1,1,22.1351727465773
0,-127.15986,0,0,0,1,NA,311,0.318453731118535,0.222458852961783,10.5320962119585,NA,13.6258628301959,34.9,NA,311.25,314.83246,31.883333,NA,NA,282.476,0.1,NA,0.0623299713931864,NA,1,1,8.41449581534101
0,-119.37294,NA,NA,NA,NA,NA,NA,NA,NA,NA,NA,NA,NA,NA,NA,NA,NA,NA,NA,NA,NA,NA,NA,NA,0,1,4.97673443207551
0,-134.08256,1,0,0,0,382,144,0.806475865866949,-0.798279566685737,3.30027146307219,4.57264699428253,5.54204755147063,22.791667,0.848,309.15,144,16.25,NA,5.76832099579377,30,0.4,0.0833333333333333,0.476087774294671,13.7572136271558,1,1,8.12858522987302
0,-108.549528,0,0,1,NA,1095,NA,2.56494935746154,5.89989735358249,NA,NA,7.9550742732627,6,NA,NA,NA,NA,NA,NA,NA,0.333333333333333,0.0775862068965517,NA,17.8906553936286,0,0,4.59512086023509
0,-138.61938,0,0,1,1,2007,240,0,-0.000684694349687224,8.56252309005184,9.40178683654714,10.9235042248777,35,NA,NA,254.74932,26,NA,10.2750511089686,193.241,0.2,0.0952380952380952,0.0655577026122122,16.6424748507472,1,1,6.29894943067946
0,-116.78836,1,0,0,0,365,16.25,0.693147180559945,NA,NA,NA,1.48160454092422,8.5,0.1175,NA,NA,6.3,1.39500630172191,1.50407739677627,NA,0.2,0.107142857142857,NA,13.1082963651502,0,1,4.76217478949825
0,-119.38505,1,0,0,0,NA,NA,NA,NA,NA,NA,2.59151638484626,NA,NA,NA,NA,NA,NA,NA,NA,0.4,NA,NA,NA,0,1,3.3322080815974
0,-115.58817,0,0,0,0,1278,395,0,0.692462486210258,10.4772879754635,NA,13.0710700830168,40,NA,NA,396.495,35.4,NA,NA,345,0.1,NA,0.0373684210526305,NA,1,1,9.65066024686233
0,-115.58817,0,0,0,0,2191,405,0,0.514031979907788,10.5153052291052,12.4430559836506,12.9807998130825,40,224.779,310.65,395.755,34.2,NA,NA,345,0.1,NA,0.0594767661290369,NA,1,1,7.74673295096883
0,-115.58817,NA,NA,NA,NA,NA,NA,NA,NA,NA,NA,NA,NA,NA,NA,NA,NA,NA,NA,NA,NA,0.0357142857142857,NA,12.2167114758521,1,1,11.5309248576118
0,-128.86939,0,0,0,1,685,155,0.405465108108164,0.110685122743941,7.71868549519847,NA,11.0103986440189,20.8,NA,312.45,155.5,20.8,NA,NA,160,0.1,NA,0.0557851239669441,NA,1,1,7.59538732913049
1,-125.192651,0,0,1,NA,NA,NA,NA,NA,NA,NA,2.0188950418118,41,NA,NA,NA,NA,NA,NA,10.5,0.666666666666667,0.382911392405063,NA,18.8574585216496,1,0,8.86883550689753
0,-117.45045,0,0,0,0,NA,25.5,0.78845736036427,NA,3.77276093809464,NA,7.36201055125973,NA,NA,NA,NA,NA,7.46737106691756,NA,NA,0.5,0.226190476190476,NA,15.5958742379957,0,1,3.13549856374578
0,-121.83614,0,0,0,0,365,12.5,1.2947271675944,NA,1.3609765531356,NA,3.40341724926521,12.083333,NA,NA,NA,11,3.41608599415591,3.39114704580865,18,0.2,NA,0.473447841081169,NA,0,1,4.94164313689476
0,-124.06666,0,0,0,1,76.5,68,1.23837423104327,-1.33623384228797,4.42902948826922,5.35974166853504,6.46006093665624,14.8,2.13,312.15,67.495,12,NA,6.70073110954781,40,0.1,NA,2.2632021592865,NA,1,1,6.78671706347189
0,-136.96867,1,0,0,0,2921,162,0,0.780165972522084,5.45371726577573,7.20785987143248,7.88419993367604,55,NA,NA,162,54,NA,NA,47.141,0.6,NA,0.043997175141243,NA,1,1,6.32614965204596
0,-132.3793,0,0,0,1,1643,515,0,0.995227157689664,10.8428436224879,12.5226422391395,14.6175121434363,50,NA,NA,515,45,NA,NA,339.3405,0.1,0.369047619047619,0.00963677192825154,16.3514559391912,1,1,5.95583762853216
0,-134.52038,1,0,0,0,NA,NA,0.00498754151103897,0.17326861058738,6.26752307716857,NA,9.08000387024818,46,NA,NA,167,27,8.71053711149193,9.34382176335066,77.4,0.3,0.0476190476190476,0.0603561004784686,12.6646535481118,1,1,5.3890721864374
0,-130.12471,1,1,0,0,365,20,1.50407739677627,NA,0.22314355131421,NA,3.15700042115011,15,NA,NA,NA,14,NA,3.13549421592915,13,0.1,NA,0.239361702127659,NA,0,1,3.52636346578831
1,-141.01026,0,0,1,NA,2281,NA,NA,NA,NA,NA,NA,15,NA,NA,NA,NA,NA,NA,15.2533333333333,NA,0.341772151898734,NA,19.5594805330409,0,0,6.26530140285176
0,-111.470997,0,0,0,0,365,24.55,1.38629436111989,NA,2.287471455184,NA,4.54621604314442,10.916667,NA,NA,NA,10.9,4.61512051684126,4.52287494326126,NA,0.2,0.380952380952381,6.26889419252189,15.7891571578985,0,0,4.17438880835599
0,-116.82432,NA,NA,NA,NA,3650,59,4.72295322164447,NA,3.17387845893747,NA,11.982929094216,75,NA,NA,59,75,11.7605664878848,NA,NA,NA,0.261904761904762,0.0173088281249994,18.992714693698,1,0,7.90322684568565
0,-126.44506,NA,NA,NA,NA,NA,112,2.30258509299405,NA,NA,NA,12.0725412529057,177,NA,NA,NA,70,NA,NA,NA,NA,NA,NA,NA,0,0,3.4339904302864
0,-136.234253,0,0,0,1,241.76,111,0.521765563804325,NA,3.67046086858992,NA,6.18414889093748,20,1.31,307.85,112.47,17.166667,6.04500531403601,6.03344586934808,34.25,0.1,0.0119047619047619,0.272865773195878,10.1061343419096,1,1,5.79605805471669
0,-127.13093,1,0,0,0,NA,NA,0.693147180559945,NA,NA,NA,2.91777073208428,NA,NA,NA,NA,NA,NA,NA,NA,0.2,0.166666666666667,NA,12.9483963960191,0,1,3.2188798248602
0,-130.18515,NA,NA,NA,NA,NA,23.5,0.916290731874155,NA,NA,NA,7.31488566640936,15,NA,NA,NA,12.5,7.17011954344963,7.58069975222456,NA,NA,0.273809523809524,NA,15.5940557195971,0,1,4.80402186440505
0,-137.50229,0,0,0,0,1825,162,0,0.17326861058738,5.78657524359634,6.9433637064495,8.53782880501631,46,NA,309.95,167.99,30.691667,8.34711636103872,8.6795671104005,66,0.4,0.107142857142857,0.0638477739138954,13.9519538227714,1,1,7.17088855537645
0,-134.8058,0,0,0,0,1825,NA,0,0.17326861058738,5.78657524359634,6.9433637064495,8.53782880501631,46,NA,NA,167.99,30.345833,8.34711636103872,8.6795671104005,66,0.4,0.0833333333333333,0.0638477739138954,14.2323336034292,1,1,4.27666750790398
0,-120.20015,NA,NA,NA,NA,1642,68.5,1.79175946922805,NA,NA,NA,5.91835607528734,61,0.0236,289.5,NA,23.3,5.93489419561959,NA,NA,NA,NA,NA,NA,1,0,7.26612884943765
0,-119.44585,0,0,0,0,NA,NA,1.13783300182139,NA,-0.891598119283784,NA,3.60902422886447,2.408333,NA,NA,NA,2.408333,NA,NA,10.825,0.1,0.0357142857142857,NA,10.6374788700756,0,0,2.83321922639186
1,-129.0867,0,0,1,NA,1095,NA,NA,NA,NA,NA,5.04234926958578,22,NA,NA,NA,NA,NA,NA,25,NA,0.161392405063291,NA,18.2201067658162,0,1,8.10560943248402
0,-115.64345,0,0,0,1,304,40,1.48613969608961,NA,0.405465108108164,3.40119738166216,3.95412418144678,3,0.615,310.85,40,2.5,NA,NA,12.1325,0.2,0.19047619047619,0.127133269415149,15.064550651631,0,1,3.80666471199007
0,-109.882518,1,0,0,0,NA,NA,0.693147180559945,NA,NA,NA,2.46809953147162,NA,NA,NA,NA,NA,2.53369681395743,2.3887627892351,NA,0.2,NA,NA,NA,0,1,2.77259497222025
0,-126.950654,1,0,0,0,NA,NA,0.993251773010283,NA,NA,NA,5.73334127689775,NA,NA,NA,NA,NA,5.51745289646471,5.73334127689775,40,0.6,0.0119047619047619,NA,9.74440083188314,0,1,4.76217478949825
1,-141.0667,0,0,1,NA,NA,NA,NA,NA,NA,NA,NA,NA,NA,NA,NA,NA,NA,NA,NA,0.5,0.0301724137931034,NA,17.6930920186766,1,0,2.39790436366614
0,-107.6108,0,0,0,0,52,17,2.32238772029023,NA,2.18661291674163,NA,4.57057874121847,14.583333,NA,NA,NA,6.791667,4.62742079492291,4.53528405852393,18.5,0.2,0.0714285714285714,1.175349378882,12.52686397855,0,0,8.14873483784726
0,-109.494096,NA,NA,NA,NA,5843.92,87.5,3.86703338005323,NA,4.30135873160643,NA,12.2060726455302,41.7,NA,NA,NA,41.7,11.2733984344055,NA,NA,NA,0.619047619047619,0.0176383365299996,15.6147782754868,1,0,6.28785874603537
0,-138.07947,0,0,0,1,639,110,0.693147180559945,0.197537176570332,7.23705902612474,9.58190392840867,11.0508900053737,41.1,NA,NA,110,41.1,NA,10.7144177687525,137.9055,0.1,0.333333333333333,0.0441269841269829,16.4879257481793,1,1,6.67456151807704
0,-114.14633,1,0,0,0,365,12.5,2.21920348405499,NA,0.955511445027436,NA,4.71402459090017,12.916667,0.838,NA,NA,12.908333,4.66343909411207,4.76217393479776,NA,0.2,NA,2.57434977578475,NA,0,1,6.70930446220951
0,-122.866185,NA,NA,NA,NA,365,13.5,2.07944154167984,NA,-0.210721031315653,NA,2.41591377830105,14.6,NA,NA,NA,13.083167,2.41591377830105,2.4466854369678,NA,NA,0.369047619047619,0.867857142857145,15.9866110521216,0,1,7.05789802347037
1,-139.79225,0,0,1,NA,NA,NA,NA,NA,NA,NA,NA,NA,NA,NA,NA,NA,NA,NA,NA,0.333333333333333,0.00632911392405063,NA,17.77620706027,0,1,6.00635340590712
1,-142.10974,0,0,1,NA,NA,NA,NA,NA,NA,NA,NA,NA,NA,NA,NA,NA,NA,NA,2.2,NA,0.107594936708861,NA,17.945638768256,1,0,5.88610430922789
1,-135.488978,0,0,0,NA,NA,NA,NA,NA,NA,NA,NA,5.5,NA,NA,NA,NA,NA,NA,NA,0.333333333333333,0.202380952380952,NA,18.0965484717093,1,0,9.56682530486396
0,-120.27585,0,0,0,0,365,133,1.38629436111989,NA,4.19215162222501,NA,8.2812201935701,22.333333,4.655,307.65,133,18.65,NA,NA,50.7895,0.1,0.869047619047619,0.0670193288950898,16.7173339214728,0,1,6.41345912110177
0,-121.90408,0,0,1,1,2283,416,0.0198026272961797,1.01104074026631,11.0974100210086,NA,14.1375940571334,40,NA,308.95,409.05984,34.266667,NA,NA,442.4915,0.2,0.166666666666667,0.0160982608695656,16.0899469747857,1,0,7.10085199138428
1,-144.464003,0,0,0,NA,NA,NA,NA,NA,NA,NA,NA,NA,NA,NA,NA,NA,NA,NA,NA,NA,0.0476190476190476,NA,17.2071673639548,0,0,1.6094579122341
0,-123.64353,0,0,0,0,285,189,0,-0.234241872981752,2.07944154167984,NA,3.5019472847623,29.2,0.194,308.15,189,29.108333,NA,NA,8.55,0.1,0.845238095238095,0.303797468354431,16.6905722528934,1,1,6.20859022730385
0,-116.23534,0,0,0,0,NA,29,1.14740245283754,-0.937912251352248,1.60843741210052,NA,3.90399083373088,9.9,0.339,307.75,29.91082,9.816667,NA,4.03069453514564,15.696,0.4,0.19047619047619,0.634445564516131,15.04507257191,1,1,4.66344003750785
0,-114.98527,0,0,0,0,NA,56,2.2512917986065,NA,NA,NA,10.4968143978139,16.6,NA,NA,NA,16.6,10.517997287579,10.3734911817819,NA,0.4,0.130952380952381,NA,15.2590706742533,0,0,5.99645233737521
1,-140.94694,0,0,1,NA,NA,NA,NA,NA,NA,NA,7.15656657704492,NA,NA,NA,NA,NA,NA,NA,NA,0.166666666666667,0.487068965517241,NA,19.5049885716527,1,0,3.63758879130187
0,-119.269378,0,0,0,0,365,55,1.70292825552144,NA,2.03731661537916,3.91202300542815,5.11274051703341,19,0.75,307.85,57.8284,13,NA,NA,17,0.2,0.0238095238095238,0.253473589164784,11.6173229768388,0,0,4.26268128549103
1,-129.18118,0,0,0,NA,NA,NA,NA,NA,NA,NA,NA,12.6,NA,NA,NA,NA,NA,NA,NA,NA,0.333333333333333,NA,16.6856998472277,0,0,6.37161201817201
0,-121.14727,0,0,0,0,NA,NA,0.587786664902119,NA,2.47653840011748,NA,3.90901849640785,5.658333,0.303,310.75,NA,5.658333,NA,NA,14.943,0.1,0.0714285714285714,NA,12.1745739902074,0,1,2.77259497222025
0,-118.58722,1,0,0,0,365,13.9,1.25276296849537,NA,NA,NA,2.58399755243223,11,NA,NA,NA,7,2.61739583283408,2.57261223020711,NA,0.2,NA,NA,NA,0,1,4.75359105317496
0,-150.46164,0,0,1,1,1369,140,0,-0.000684694349687224,7.55442387162048,9.43673822231057,6.84933135884442,30,98.479,310.65,216.0956,19,9.97580821411575,10.3981837943722,34.9,0.2,0.0476190476190476,1.67994815796449,14.5215988876613,1,1,6.40025761142176
0,-123.85228,0,1,0,0,730,35,0.654925967739748,-0.000684694349687224,1.2683550632552,2.72129542785223,2.84461864388423,20,0.113,309.15,43.57,19,NA,NA,7.5,0.1,0.5,0.397986333236404,16.3647118828827,1,1,7.30787284778783
0,-126.31077,0,0,0,1,1005,359,0,0,10.2836345107796,10.3889953683178,12.0508750845807,50,164.92,NA,361.65946,47,NA,NA,200,0.1,NA,NA,NA,1,1,13.9216763569245
0,-124.52821,0,0,0,1,973,337,0,0.4052369287439,10.5427063910705,NA,12.4292161968444,62,NA,311.45,337.985,57,NA,13.0170028617465,280,0.1,NA,0.151599999999995,NA,1,1,12.7889617374323
0,-124.52821,NA,NA,NA,NA,NA,NA,NA,NA,NA,NA,NA,NA,NA,NA,NA,NA,NA,NA,NA,NA,NA,NA,NA,1,1,5.39816315400634
0,-119.084315,0,0,0,0,253,30,1.43983512804792,NA,2.74855214441154,5.45958551414416,6.65666225476097,14,2.434,307.15,36.06754,11.641667,NA,6.49978704065585,26.8585,0.3,0.285714285714286,0.133874814576772,15.1528864597494,1,1,6.5778614968031
1,-127.99479,0,0,0,NA,NA,NA,NA,NA,NA,NA,NA,NA,NA,NA,NA,NA,NA,NA,NA,0.166666666666667,0.107142857142857,NA,17.2071673639548,0,0,4.27666750790398
1,-143.52931,0,0,1,NA,889,NA,NA,NA,NA,NA,8.0899501563915,30,NA,NA,NA,NA,NA,NA,36.92,NA,0.208860759493671,NA,18.6159875307998,0,0,7.65444327386348
1,-148.23537,0,0,0,NA,NA,NA,NA,NA,NA,NA,NA,NA,NA,NA,NA,NA,NA,NA,NA,0.333333333333333,0.214285714285714,NA,16.9822825514204,0,0,4.27666750790398
0,-126.76689,0,0,1,1,2420,274,0,-0.000684694349687224,9.83226004324776,11.5769325949445,12.8543968696354,32.8,NA,NA,308.05,30,12.5172270741671,13.8155105579643,297.1355,0.1,0.0952380952380952,0.0486970499653937,15.7216571399059,1,1,6.55393354647594
0,-115.371366,0,0,0,0,NA,27,0.693147180559945,NA,NA,NA,5.40605006635092,15,NA,NA,NA,15,5.29831736654804,5.46806014113513,NA,0.3,0.630952380952381,NA,15.946501364808,0,0,1.3863193608074
0,-119.64134,1,1,0,0,NA,29,1.38629436111989,NA,NA,NA,6.90274273715859,25,NA,NA,NA,15.916667,6.99736743767182,6.76849321164863,52.5,0.2,0.273809523809524,NA,14.6227242093746,0,1,4.59512086023509
0,-129.12293,0,0,0,1,304,65,1.30562645805244,-1.02443099634523,4.62369749060197,6.45660480682052,8.42794221749148,34,NA,311.25,64,19,NA,NA,62.4255,0.1,NA,0.166040962764701,NA,1,1,7.78113855159867
0,-126.3911,1,0,0,0,365,NA,1.79175946922805,NA,NA,NA,2.52972066557779,9.833333,NA,NA,NA,7.916667,2.52572864430826,2.55722731136763,NA,0.2,NA,NA,NA,0,1,6.00388731402009
0,-107.961664,0,0,1,0,2200,49,0,NA,4.17438726989564,NA,6.66568371778241,51,NA,NA,NA,38.958333,6.53160622520803,6.73340189183736,NA,0.2,0.214285714285714,0.0828025477707008,17.1790075645389,0,0,5.80211867749182
1,-141.661019,0,0,1,NA,NA,NA,NA,NA,NA,NA,NA,NA,NA,NA,NA,NA,NA,NA,NA,0.5,0.069620253164557,NA,18.6129931605775,1,1,8.04334220256496
1,-123.1413,0,0,1,NA,778,NA,NA,NA,NA,NA,8.3787577937914,25,NA,NA,NA,NA,NA,NA,63.6666666666667,NA,0.145569620253165,NA,18.2650469086555,0,1,9.27584718354423
0,-106.379904,0,0,0,0,NA,20.5,1.79175946922805,NA,3.2188758248682,NA,6.81618808545665,30,6.005,NA,NA,30,6.46692202703618,6.81399389916766,43.5,0.4,0.654761904761905,0.164383561643834,15.4642194390532,0,0,8.38981428480335
0,-126.17221,0,0,0,0,1095,27.5,0.693147180559945,NA,4.00369019395397,NA,7.37963215260955,23.7,NA,NA,NA,23.583333,7.29776828253138,7.45529848568329,NA,0.2,NA,0.0683718028696196,NA,0,1,4.02535347644784
0,-119.398944,NA,NA,NA,NA,4748.25,80,3.66100067733897,0,4.62986279857846,NA,11.9381932003746,100,NA,NA,70,28.8,NA,NA,NA,NA,0.0238095238095238,0.0260606249999993,10.0356013455245,1,0,4.20469411192717
0,-128.15995,0,0,0,0,NA,NA,NA,NA,-0.642313192698093,NA,0.932683144177681,NA,NA,NA,NA,NA,NA,NA,NA,0.1,0.178571428571429,NA,14.4603835949295,0,1,4.18965625717679
0,-123.2487,1,0,0,0,NA,NA,NA,NA,NA,NA,3.17805383034795,NA,NA,NA,NA,NA,NA,2.90690105984738,NA,0.4,0.0119047619047619,NA,8.94895886882957,0,1,4.51086060541734
0,-116.2425,0,0,1,1,4380,450,0,NA,11.6052037805885,NA,13.8737794660882,60,NA,NA,453.4514,49.783333,NA,NA,709.2875,0.2,0.226190476190476,0.0251258580997193,18.7062104077881,1,0,5.87493101175087
0,-113.154478,NA,NA,NA,NA,NA,NA,NA,NA,NA,NA,NA,NA,NA,NA,NA,NA,NA,NA,NA,NA,0.0357142857142857,NA,10.2072880364456,0,0,9.99950003332973e-05
0,-133.78014,0,0,0,0,4015,256,0.00498754151103897,1.35352507250274,7.63626960337937,9.44105518878671,11.7457460424666,55.4,NA,308.65,257,50.2,NA,11.805595078933,167.222,0.2,0.0714285714285714,0.00494953472434027,13.4538472637307,1,1,7.3670771230522
1,-140.53371,0,0,1,NA,NA,NA,NA,NA,NA,NA,NA,NA,NA,NA,NA,NA,NA,NA,NA,NA,0.0129310344827586,NA,14.9125986605599,0,0,0.693197179309987
0,-119.22261,1,1,0,0,1460,35,0.693147180559945,NA,NA,NA,8.46379241468912,48,NA,NA,NA,32.966667,8.58485183989005,8.32603268595508,80,0.4,0.30952380952381,NA,15.0558084432443,0,1,6.31716486725268
1,-139.65911,0,0,0,NA,NA,NA,NA,NA,NA,NA,NA,NA,NA,NA,NA,NA,NA,NA,NA,1,0.0714285714285714,NA,17.2071673639548,1,1,5.97126209489247
0,-137.113077,0,0,0,1,NA,70,2.19165353228676,-1.504899084269,0.662687973075237,2.39789527279837,3.55534806148941,28.3,0.128,305.25,70,16,NA,NA,11.0805,0.1,0.0952380952380952,1.7363,14.1154305119567,1,1,6.13339825991636
1,-133.49098,0,0,1,NA,NA,NA,NA,NA,NA,NA,2.0949457282158,NA,NA,NA,NA,NA,NA,NA,NA,0.166666666666667,0.0689655172413793,NA,17.9808702734705,0,0,3.4339904302864
0,-142.58683,0,1,0,0,NA,NA,NA,NA,NA,NA,3.91182298542548,NA,NA,NA,NA,NA,3.73766961828337,3.80666248977032,NA,0.1,0.464285714285714,NA,15.3141083298877,1,1,4.09434622888738
0,-131.90707,1,0,0,0,1825,243,0,0.852663317685898,5.7571810513809,6.97541392745595,8.70754905323851,57,NA,NA,217,40,NA,NA,63.5,0.3,0.0238095238095238,0.0248522129819458,10.5772472745021,1,1,4.18965625717679
1,-127.34354,0,0,0,NA,NA,NA,NA,NA,NA,NA,3.98898404656427,16,NA,NA,NA,NA,NA,NA,35.35,0.833333333333333,0.380952380952381,NA,18.707525055553,0,0,8.36962085012945
0,-133.77263,0,0,0,0,137,38,1.17557332980424,-1.38834987223614,0.693147180559945,2.99573227355399,4.05004430332552,7.3,0.515,310.65,38,6.741667,NA,NA,10.218,0.2,0.273809523809524,0.169337979094077,15.9087830842451,1,1,4.00733500341264
1,-136.10654,0,0,1,NA,NA,NA,NA,NA,NA,NA,NA,NA,NA,NA,NA,NA,NA,NA,NA,0.666666666666667,0.0632911392405063,NA,18.1131425129999,1,0,5.95842495142768
1,-132.86459,0,0,1,NA,NA,NA,NA,NA,NA,NA,5.90458016740145,29,NA,NA,NA,NA,NA,NA,NA,0.666666666666667,0.0431034482758621,NA,17.2652827995432,1,0,4.77912433344731
0,-115.762468,0,0,1,1,NA,320,0,NA,9.5468126085974,NA,11.5424842672118,46,NA,NA,319.01,30.691667,NA,NA,265.331,0.2,0.0952380952380952,0.0289196504854362,16.5428759885822,1,0,4.4067204667757
1,-125.31528,0,0,1,NA,NA,NA,NA,NA,NA,NA,NA,NA,NA,NA,NA,NA,NA,NA,12.3,0.5,0.0301724137931034,NA,17.8189566186371,0,1,6.53087777349847
1,-140.16613,0,0,1,NA,NA,NA,NA,NA,NA,NA,NA,NA,NA,NA,NA,NA,NA,NA,NA,NA,0.186708860759494,NA,18.8569538168793,1,0,7.22838852414254
0,-125.55076,1,0,0,0,NA,NA,0.693147180559945,NA,NA,NA,2.10819091447999,NA,NA,NA,NA,NA,2.15176220325946,2.08567209143047,NA,0.2,0.369047619047619,NA,14.9852680015496,0,1,2.77259497222025
1,-131.81506,0,0,0,NA,NA,NA,NA,NA,NA,NA,NA,18,NA,NA,NA,NA,NA,NA,NA,0.333333333333333,0.202380952380952,NA,16.9822825514204,0,1,4.86753521968606
0,-133.55929,1,1,0,0,NA,NA,NA,NA,NA,NA,5.56356209388088,NA,NA,NA,NA,NA,NA,NA,NA,0.2,0.0714285714285714,NA,13.2927425735806,0,1,1.3863193608074
0,-122.5645,0,0,1,0,NA,319,0,0.692462486210258,9.35818262402039,9.21140780206992,11.4908757468555,24,NA,NA,319.474,23.229167,NA,NA,210.086,0.1,0.0119047619047619,0.0752587274313129,10.1707524771949,0,0,4.04305302221898
0,-125.50581,0,0,0,0,NA,13.5,1.6094379124341,NA,NA,NA,2.50959926237837,10,0.21538,NA,NA,10,NA,NA,NA,0.2,0.607142857142857,NA,15.5073885707747,0,1,5.09375081430351
0,-120.63379,0,0,0,1,3650,670,0,1.54191067138595,11.5617156291397,13.3046849341983,15.3195879547405,80,NA,309.35,669.68,65,NA,15.2891287472558,750,0.1,0.345238095238095,0.00490000000000043,15.0189787076265,0,1,7.40671079089409
0,-126.7261,0,0,0,0,573,63,1.16002091679675,-0.000684694349687224,5.31811999384422,NA,9.17810846015857,26.8,NA,NA,63,26.766667,NA,NA,80.615,0.2,0.202380952380952,0.0672076936264432,15.9351288209675,1,1,5.40267783232263
0,-131.26383,0,0,0,0,NA,68,0.916290731874155,NA,NA,NA,9.232590980911,13,NA,NA,67.89524,11.283333,NA,NA,103.004,0.1,0.0238095238095238,NA,7.08312915171628,1,1,5.4930618548631
0,-132.40486,0,0,0,0,1544,165,0,0.127033601378996,5.78191566805954,6.74674109913348,8.42711967631805,39,NA,310.75,165,37.55,8.18535022317869,8.58204416373585,52.15,0.3,0.488095238095238,0.066021508670874,14.8077108081748,1,1,8.69884787590027
0,-133.81494,0,0,0,0,2007,165,0,0.127093874949691,6.16023638635485,7.28207365809346,8.79694389354174,40,NA,310.45,165,34.633333,8.58279364850019,9.12254687102551,65.95,0.4,0.452380952380952,0.0715966132446321,15.8321883048375,1,1,9.23112292095303
0,-134.48797,0,0,0,0,1095,172,0,0.103391429279073,6.14889555505681,7.25594431927057,8.9363494794541,37.6,NA,NA,172,34.3,8.60483770126828,9.11294802596753,64.95,0.4,0.166666666666667,0.0523411267868674,14.1278247039121,1,1,7.19443692617541
0,-120.34141,1,0,0,0,NA,18.5,0.693147180559945,NA,NA,NA,2.86220088092947,NA,NA,NA,NA,NA,2.83026783382646,2.91777073208428,NA,0.2,0.0714285714285714,NA,11.6861621054769,0,1,3.85014972936737
0,-135.71201,0,0,0,0,NA,179,0,0.274692527412406,6.64898455002478,NA,9.69594972106474,39.175,NA,NA,179.22,33.4,9.90348755253613,NA,73.2,0.5,0.0476190476190476,0.0308768648106502,10.694207094073,1,1,4.02535347644784
0,-147.42682,1,0,0,0,NA,NA,0,-0.000684694349687224,NA,NA,8.42087059929547,6.075,NA,NA,NA,6.075,NA,NA,59,0.1,0.404761904761905,NA,14.6567115478049,1,1,4.07753913881954
0,-126.13068,0,0,0,0,730,30,1.49065437644413,0.224374824985578,3.52046080248897,6.17134562836258,8.21871437667284,21.2,8.626,309.65,30.195,21.125,NA,NA,50.59,0.3,0.202380952380952,0.0392400093807361,14.3568207995032,1,1,5.33753856047043
0,-124.3886,0,0,0,0,730,35,1.43270073393405,0.9164276145053,3.39249294103201,NA,8.1605182474775,18,NA,NA,35.41506,17.391667,NA,NA,60,0.3,0.0833333333333333,0.0356030285714289,12.2692560113576,1,1,5.13579902528538
1,-139.26783,0,0,0,NA,NA,NA,NA,NA,NA,NA,NA,NA,NA,NA,NA,NA,NA,NA,NA,0.666666666666667,0.452380952380952,NA,17.2477007849284,0,0,4.00733500341264
0,-122.69085,0,0,0,0,NA,NA,2.07442899985629,-2.32431151159063,0.751416088683921,NA,3.98545932350133,2.908333,NA,NA,NA,2.908333,NA,NA,17,0.3,0.119047619047619,1.11644140494332,14.0555097874209,0,0,5.05624644229078
1,-150.261612,0,0,0,NA,NA,NA,NA,NA,NA,NA,NA,NA,NA,NA,NA,NA,NA,NA,NA,NA,0.0714285714285714,NA,17.2071673639548,1,1,4.87519808655964
0,-124.16029,0,0,0,0,180,18,1.6094379124341,NA,0.364643113587909,NA,3.36901848329792,21,0.3035,314.15,NA,21,3.3603753871419,3.37758751602302,19,0.1,0.119047619047619,NA,15.5889074790827,0,1,6.87832657127793
0,-136.56101,1,1,0,0,NA,NA,1.17865499634165,NA,NA,NA,3.76120011569356,NA,NA,NA,NA,NA,3.76120011569356,NA,NA,0.1,0.166666666666667,NA,15.3457224174615,NA,1,1.79177613575583
0,-129.56105,0,0,0,0,NA,NA,0,NA,NA,NA,4.99721227376411,NA,NA,NA,NA,NA,4.99721227376411,NA,NA,0.1,0.0238095238095238,NA,10.5232049060001,1,1,9.99950003332973e-05
0,-129.49766,0,0,0,0,48,16,2.1621729392773,NA,0.845868267577609,3.13244609686981,4.65396035015752,10,0.69,311.25,16,3.9,NA,4.68213122712422,18,0.4,0.0119047619047619,0.723132142857144,8.45621234145106,1,1,7.78488933725244
0,-109.421863,NA,0,0,NA,NA,NA,NA,NA,NA,NA,NA,NA,NA,NA,NA,NA,NA,NA,24,NA,0.0119047619047619,NA,10.3899265392392,1,0,-9.21034037197618
0,-133.864089,0,0,0,1,NA,23,1.33500106673234,-2.64248551914779,1.10525683138678,2.8142103969306,3.84374416467485,5.325,0.41,311.05,22.52264,5.3,NA,NA,12.4435,0.2,0.214285714285714,0.982955032119918,14.9920256420152,1,1,7.17472438640605
0,-123.95612,0,1,0,0,730,NA,-0.00501254182354429,-0.000684694349687224,1.05082162483176,2.52572864430826,2.41457359494209,22,NA,NA,113.44,14,NA,NA,6,0.1,0.285714285714286,0.254421099687081,15.1472160853448,1,1,3.04452719961685
0,-108.70793,0,0,0,0,122,15,2.19722457733622,-1.93501827149738,-2.3538783873816,3.02771531940704,4.60517018598809,6,0.335,305.75,14.775,5.55,4.49980967033027,4.60517018598809,16.955,0.5,0.19047619047619,0.0341999999999999,15.2293350400413,1,1,7.13409380093768
0,-121.90408,0,0,1,1,2922,450,0,0.9164276145053,11.289781913656,NA,13.7516399737072,50,NA,NA,450,45,NA,NA,564.6265,0.2,0.0595238095238095,0.028141197177693,15.0607755470593,1,0,5.59098735364512
1,-131.16053,0,0,1,NA,NA,NA,NA,NA,NA,NA,NA,NA,NA,NA,NA,NA,NA,NA,NA,0.666666666666667,0.215189873417722,NA,18.2541432322432,0,0,5.61677146130287
0,-130.42953,0,0,0,1,332,210,0.157003748809665,-0.415785116683722,7.17839291682466,NA,9.77631248702257,18.8,NA,NA,210,17.6,NA,NA,115.7495,0.2,0.214285714285714,0.117559436711847,14.2176139000891,1,1,4.89784054621929
0,-115.33658,0,0,0,0,42,21,1.75871961514985,-2.49938471296865,0.22314355131421,2.19165353228676,2.92584614608982,6,NA,NA,19.6,4,NA,2.72785282839839,9.5,0.3,0.345238095238095,1.77807305630027,14.4261714728251,0,0,4.51086060541734
0,-111.53614,0,0,0,0,42,19,1.80335860507141,-2.49938471296865,0.22314355131421,2.19165353228676,3.02042488614436,6,0.271,310.05,19.6,5,NA,2.72785282839839,9.5,0.3,0.94047619047619,1.69145731707318,18.2966056891427,0,0,8.96213540288383
0,-127.82064,0,0,0,0,NA,NA,NA,NA,NA,NA,3.24765762629365,NA,NA,NA,NA,NA,NA,NA,NA,0.3,0.285714285714286,NA,14.3362159178373,0,0,3.13549856374578
0,-144.72379,0,0,0,0,365,43,1.91028297141216,-0.000684694349687224,0.832909122935104,3.27978275977172,4.70347587477221,12.5,1.276,312.75,43.26174,11.141667,NA,5.78074351579233,27.0325,0.4,0.476190476190476,0.14081845372972,17.5407862444182,1,1,6.30261915889507
0,-158.74616,0,0,0,1,322,42,2.03861954715958,-0.621192688337718,2.2512917986065,NA,6.69579891705849,14,NA,NA,41.49,11.1,NA,6.85118492749374,40.946,0.4,0.30952380952381,0.113633621755254,15.6091098192983,1,1,7.03438801802123
0,-113.39174,0,1,0,0,NA,NA,NA,NA,NA,NA,1.94591014905531,41,NA,NA,NA,41,NA,NA,NA,0.1,0.333333333333333,NA,15.8521868033023,1,1,3.87120309423905
0,-118.87952,0,1,0,0,456,NA,0,-0.000684694349687224,NA,NA,1.66770682055808,24,NA,NA,NA,11.5,NA,NA,5,0.1,0.226190476190476,NA,15.2299175235111,1,1,2.70805686774665
0,-116.45354,0,1,0,0,210,55,0,-0.000684694349687224,0.727548607277278,1.9154509415706,1.96711235670592,34,0.051,305.15,57.395,29,NA,NA,5.27,0.1,0.30952380952381,0.289510489510489,16.3038172265203,1,1,7.11151219806222
1,-137.88521,0,0,1,NA,NA,NA,NA,NA,NA,NA,5.34591634534732,NA,NA,NA,NA,NA,NA,NA,15.875,0.166666666666667,0.327586206896552,NA,19.0843464225884,1,0,1.79177613575583
0,-131.483746,1,0,0,NA,NA,NA,4.63472898822964,NA,NA,NA,2.16332302566054,8.7,NA,NA,NA,NA,NA,NA,5.5,NA,0.119047619047619,NA,12.8148465507383,1,0,3.36729927825639
1,-156.87654,0,0,0,NA,NA,NA,NA,NA,NA,NA,1.59707610487822,NA,NA,NA,NA,NA,NA,NA,NA,0.166666666666667,0.0476190476190476,NA,17.2071673639548,1,1,3.61092061534328
0,-132.186257,1,0,0,0,NA,NA,NA,NA,NA,NA,2.73111547403321,NA,NA,NA,NA,NA,NA,NA,NA,0.2,0.178571428571429,NA,13.4645662665496,0,1,0.693197179309987
0,-122.35657,NA,NA,NA,NA,NA,NA,NA,NA,NA,NA,NA,NA,NA,NA,NA,NA,NA,NA,NA,NA,0.0357142857142857,NA,13.8942895267576,1,0,4.97673443207551
0,-130.73572,0,0,0,0,NA,NA,1.09861228866811,NA,NA,NA,7.54960916515453,25.8,NA,NA,NA,17,NA,NA,56,0.3,0.0119047619047619,NA,7.9504616363303,0,1,4.41884181261515
0,-133.24279,1,0,0,0,NA,NA,0,NA,6.20925378966027,NA,8.79801453278233,46.1,NA,NA,207.59112,40.845833,NA,NA,59,0.3,0.0238095238095238,NA,10.8462356568101,1,1,4.31748944686875
0,-124.03759,NA,NA,NA,NA,240,NA,2.7408400239252,NA,1.90954250488444,NA,1.73659671843583,14.1,NA,NA,NA,14.1,NA,NA,NA,NA,0.154761904761905,18.42642563975,13.3768080956299,0,0,5.63478996031204
1,-129.88288,0,0,0,NA,28,NA,NA,NA,NA,NA,NA,1.1,NA,NA,NA,NA,NA,NA,NA,NA,0.0119047619047619,NA,17.2071673639548,1,0,5.03043857498699
0,-122.93688,0,0,0,0,NA,NA,2.07944154167984,NA,NA,NA,6.12686918411419,NA,NA,NA,NA,NA,NA,NA,NA,0.4,0.0238095238095238,NA,11.6834326384736,0,1,2.63906447244689
1,-149.84035,0,0,1,NA,NA,NA,NA,NA,NA,NA,NA,NA,NA,NA,NA,NA,NA,NA,NA,0.5,0.0732758620689655,NA,17.3900610047815,1,0,5.63835502520557
0,-115.73756,0,0,0,0,NA,27.5,2.16905370036952,NA,3.19867311755068,NA,7.22620901010067,NA,NA,NA,NA,NA,7.36391350140582,7.37306038744632,58,0.4,0.369047619047619,0.15590909090909,16.4300242968124,0,0,6.04263307121204
0,-140.85531,0,0,0,0,304,61,1.84054963339749,-0.000684694349687224,4.47072408943517,6.65929391968364,8.35042997353814,16.6,NA,311.15,61.84,12.5,NA,8.15190987294091,56.369,0.5,0.452380952380952,0.130138468809074,16.2621533149365,1,1,6.38012270639128
0,-141.30469,0,0,0,1,NA,30,1.09861228866811,-2.49257461362345,2.19722457733622,4.39592953984287,4.94306997460049,7.316667,0.932,313.25,30.436,7,NA,NA,19,0.1,0.202380952380952,0.406348074179744,13.7042089817854,1,1,5.39816315400634
0,-127.24773,0,0,0,0,182,90,1.66959183525385,NA,2.64617479738412,4.26549281841793,5.32220477700138,14,0.958,310.75,90.09056,7.1,NA,NA,23.75,0.3,0.0238095238095238,0.657933458637439,11.0588164046225,1,1,6.5680780518614
0,-132.63284,0,0,0,1,417,198,0.536493370514568,-0.183291222768087,8.00636756765025,10.4232133519749,11.0870535470844,23,123.447,312.15,201.39,21.6,NA,10.7099634184031,180.6845,0.2,0.654761904761905,0.0785364360073487,16.4834771998734,1,1,8.14060707200447
1,-152.50075,0,0,1,NA,912,NA,8.1605182474775,NA,NA,NA,6.52226925318929,11,NA,NA,18,NA,NA,NA,NA,NA,0.392405063291139,NA,19.7532776904,0,1,10.2373850523655
0,-128.03056,1,0,0,0,NA,28,1.09861228866811,NA,NA,NA,6.67582322163485,NA,NA,NA,NA,NA,6.67582322163485,NA,NA,0.1,0.464285714285714,NA,15.8383657078316,0,1,3.80666471199007
0,-116.1652,0,0,1,1,4930,435,0,1.38595207254584,11.978753701885,NA,15.2741255806638,100,NA,309.15,454.72102,90,NA,NA,922.632,0.3,0.55952380952381,0.00778139518604659,18.6792043946126,1,0,7.18765723970074
1,-149.28635,0,0,0,NA,NA,NA,NA,NA,NA,NA,NA,NA,NA,NA,NA,NA,NA,NA,NA,0.833333333333333,0.44047619047619,NA,18.707525055553,1,1,6.42162243040813
1,-140.68319,0,0,0,NA,NA,NA,NA,NA,NA,NA,4.92362391710663,9,NA,NA,NA,NA,NA,NA,14.6625,0.833333333333333,0.702380952380952,NA,18.707525055553,1,1,9.14665483094762
0,-118.05669,0,0,0,1,548,17,0.693147180559945,-0.000684694349687224,NA,NA,7.11069612297883,22.6,1.931,307.15,14.74,17,NA,NA,41.918,0.2,0.130952380952381,NA,13.7119683936403,0,0,5.98393653257633
0,-122.25866,0,0,0,1,730,225,0.0295588022415444,-0.000684694349687224,7.49554194388426,8.74033674273045,10.9362306573498,29.8,34.275,307.65,222.05,24,NA,NA,141.7215,0.1,0.345238095238095,0.0330038878366261,16.7742158399315,0,1,4.30406644455461
0,-117.27522,0,0,0,0,NA,30,1.65632149833295,-2.53328625624778,3.67908161163383,5.3590831548706,7.54960916515453,18,7.395,312.15,30.59594,10,NA,7.96831950001272,45,0.1,0.107142857142857,0.482295529473687,13.3601655766594,1,1,8.18367661053802
1,-143.69441,0,0,0,NA,NA,NA,NA,NA,NA,NA,NA,NA,NA,NA,NA,NA,NA,NA,NA,NA,0.0595238095238095,NA,17.2477007849284,1,0,5.27300007138413
0,-134.112509,1,0,0,0,450,132,0.231111720963387,-0.497904676562584,2.64262239577975,4.68522827815867,6.15965548530821,18.833333,3.927,309.15,128.74428,17,NA,NA,20,0.3,0.107142857142857,0.0641514690501091,13.2502683978019,1,1,4.21950917576326
0,-131.57282,0,0,0,1,868.5,146,0.198850858745165,-0.000684694349687224,7.77327468548237,9.76995615991161,11.6082356447746,22.8,NA,311.95,158.89436,16.966667,NA,10.4631033404715,158.5,0.1,NA,0.0263546618181806,NA,1,1,7.72577148571858
0,-127.70722,0,0,0,0,NA,NA,0.832909122935104,-0.693831874909632,NA,NA,8.36637030168165,27.4,NA,NA,NA,18,NA,NA,69.7555,0.3,0.55952380952381,NA,15.683072936022,1,1,4.4067204667757
0,-133.63701,0,0,0,0,NA,232,0,1.57829400874276,7.24405964437091,9.02701831484864,10.4665246240578,55,NA,NA,235.32043,48,NA,10.7144177687525,78.8715,0.4,0.0238095238095238,0.00876847205078628,12.9378787598077,1,1,7.07496328256841
0,-134.59422,0,0,0,0,2920,229,0.0723206615796261,1.29423010435291,7.4645212958889,9.04782144247841,10.7140510348471,74,NA,308.85,229,59.35,NA,10.6987399560332,86.8045,0.3,0.202380952380952,0.00834037591561377,14.6546084001832,1,1,8.74941542251905
1,-132.46726,0,0,0,NA,NA,NA,NA,NA,NA,NA,NA,NA,NA,NA,NA,NA,NA,NA,NA,0.5,0.238095238095238,NA,17.2477007849284,0,0,6.26720073829467
0,-132.57504,0,0,0,0,771,97,0.76080582903376,0.231046528362205,6.30991827822652,7.57044325205737,10.8794612865715,27.3,NA,NA,97,23,NA,NA,164.3855,0.1,0.69047619047619,0.0221761658031079,17.3629549031242,1,1,6.68085480426072
0,-131.49184,0,0,0,1,1415,105,0.943905898907128,0.76589753120535,7.12977019362553,9.30592324186991,11.7660160926524,26.3,133.859,310.65,105.19,26.275,NA,12.7381704045717,231.2395,0.1,0.380952380952381,0.00996545434782604,14.1158861046286,1,1,6.9177057088452
0,-134.48045,0,0,0,0,1762,NA,0.00498754151103897,0.55892326248073,6.71270100408317,8.19981038665132,9.78293217749576,45,NA,NA,178.96,37.2125,9.5414051575081,10.0413781798756,76.2,0.4,0.30952380952381,0.0373139815078045,15.873081537901,1,1,7.05012260699932
1,-144.451388,0,0,1,NA,NA,NA,NA,NA,NA,NA,NA,NA,NA,NA,NA,NA,NA,NA,NA,0.5,0.021551724137931,NA,17.8189566186371,0,0,8.15392516076829
1,-125.3575,0,0,1,NA,NA,NA,NA,NA,NA,NA,NA,NA,NA,NA,NA,NA,NA,NA,NA,0.166666666666667,0.120253164556962,NA,18.2667246584112,0,0,2.39790436366614
1,-116.97295,0,0,0,NA,NA,NA,NA,NA,NA,NA,2.31845844215034,NA,NA,NA,NA,NA,NA,NA,NA,NA,0.0714285714285714,NA,17.2071673639548,0,0,1.6094579122341
0,-124.99697,1,0,0,0,365,13.5,2.15176220325946,NA,0.139761942375159,NA,2.89037175789616,15.417,NA,NA,NA,15.2,2.88480071284671,2.94706710157271,NA,0.5,0.773809523809524,0.824166666666669,17.2991472892272,0,1,8.16536366090731
0,-120.56466,0,0,0,0,913.2,30.5,1.01160091167848,0,4.70048036579242,NA,9.07107830464268,35.3,NA,NA,NA,35.3,9.06675864349816,9.26624800391448,NA,0.1,0.0595238095238095,0.0347701149425287,11.2910147513699,0,1,4.02535347644784
0,-111.91888,NA,NA,NA,NA,NA,61.5,2.67414864942653,NA,NA,NA,7.75255000915122,7.3,NA,NA,NA,7.3,7.75255000915122,NA,NA,NA,NA,NA,NA,1,0,6.01126741950217
1,-133.70361,0,0,0,NA,NA,NA,11.5129254649702,NA,NA,NA,5.19017520792833,12,NA,NA,16,NA,NA,NA,NA,0.5,0.30952380952381,NA,16.9822825514204,0,0,7.51643335732259
0,-136.42341,0,0,0,0,NA,26,1.46902575871736,-2.63101305175127,0.636576829071551,2.20772481197009,3.10458667846607,8,0.213,309.85,25.26188,7.9,NA,3.10099278421148,10.0705,0.4,0.369047619047619,1.43618811659194,15.5787593952504,1,1,14.9256140195475
0,-131.76553,0,0,0,0,NA,24,1.52931186795482,-2.61218017803937,0.60431596685333,2.19165353228676,3.02042488614436,8.333333,0.219,309.75,26,7.95,NA,4.68776348429194,9.8875,0.4,0.345238095238095,1.46250475609757,16.3828326094528,1,1,7.56423852703771
0,-123.39343,0,0,1,0,NA,41,0,NA,3.40119738166216,NA,5.84932477994686,NA,NA,NA,NA,NA,5.97126183979046,NA,NA,0.2,NA,0.121037463976946,NA,0,1,3.73767199923291
0,-122.03382,0,0,0,0,1460,29,1.32175583998232,NA,3.71357206670431,NA,7.69621263934641,27.166667,NA,NA,NA,21.625,7.60339933974067,7.78322401633604,NA,0.3,0.476190476190476,0.0698863636363637,16.6691439535607,0,1,6.60529805626619
0,-124.369049,1,0,0,0,1095,31,0.00498754151103897,0.145607398272929,-1.02165124753198,7.05185562295589,8.63885668833471,22.1,5.744,308.95,31,20,NA,NA,85,0.1,0.0952380952380952,6.40708923704638e-05,13.9128136625437,0,1,6.8501262720777
0,-108.277528,0,0,0,0,240,24,2.39789527279837,NA,3.02042488614436,NA,6.95057527616507,27,NA,NA,NA,27,6.8596149036542,7.12326980313186,57.5,0.4,0.511904761904762,0.216047904191615,16.634370186022,0,0,6.61338435260774
0,-141.77169,0,0,0,1,NA,NA,1.70110510095992,-2.43484609290921,0.570979546585738,2.66025953726586,3.35846383907525,3.908333,NA,NA,20,3.183333,NA,3.74714836223791,9.122,0.2,0.202380952380952,1.18102626543747,14.5332795690773,1,1,5.00394697708617
0,-129.71877,0,0,0,0,NA,105,0,NA,1.94591014905531,NA,3.69012867351437,9,0.267,307.75,105,9,NA,NA,9.7,0.3,0.785714285714286,NA,16.3411101399074,1,1,4.93447465255489
0,-126.81317,0,0,1,1,5750,NA,0,1.24481122559127,13.5593271525719,14.1081801719271,16.1280459818115,100,NA,NA,464.62,77,NA,NA,1098.769,0.1,NA,0.0176257425742578,NA,1,0,6.62406536060201
0,-133.1645,1,0,0,0,NA,NA,0,NA,NA,NA,8.9878528554241,NA,NA,NA,171.35468,NA,8.88875674784872,9.12766503530727,NA,0.2,0.0476190476190476,NA,8.26700281574445,1,1,2.70805686774665
0,-139.69167,0,1,0,0,NA,NA,0.786182046527135,NA,0.0392207131532813,NA,1.6854725987101,2.908333,NA,NA,71.48,2.908333,1.56861591791385,1.53686721959926,NA,0.1,0.30952380952381,NA,15.1792983799439,0,0,4.27666750790398
0,-118.49649,1,0,0,0,NA,NA,0.693147180559945,NA,NA,NA,2.73436750941958,NA,NA,NA,NA,NA,2.63905732961526,2.62466859216316,NA,0.2,0.30952380952381,NA,14.7764495810366,0,1,3.04452719961685
1,-144.96346,0,0,0,NA,NA,NA,NA,NA,NA,NA,NA,NA,NA,NA,NA,NA,NA,NA,NA,NA,0.107142857142857,NA,16.9822825514204,1,1,5.3890721864374
1,-132.68369,0,0,1,NA,NA,NA,NA,NA,NA,NA,NA,NA,NA,NA,NA,NA,NA,NA,2.91666666666667,0.166666666666667,0.161392405063291,NA,18.644476025998,1,1,6.12905042792544
1,-152.989612,0,0,0,NA,NA,NA,NA,NA,NA,NA,-0.156057098572411,NA,NA,NA,NA,NA,NA,NA,5.2,0.166666666666667,0.369047619047619,NA,17.2863966321396,1,1,5.3132064716525
1,-143.577615,0,0,0,NA,74,NA,NA,NA,NA,NA,-1.79175946922805,5,NA,NA,NA,NA,NA,NA,NA,0.166666666666667,0.69047619047619,NA,18.707525055553,1,1,8.11969628271915
0,-123.484758,1,0,0,0,NA,75,2.94443897916644,NA,1.15057202759882,NA,5.95324333428778,12,NA,NA,NA,12,NA,NA,25,NA,0.0833333333333333,0.935688311688314,14.6569662221509,0,0,5.6276214734028
0,-141.14581,1,0,0,0,2555,NA,0.131028262406404,1.54410509832937,7.42173392673953,9.30565055178051,10.885721256345,60,NA,NA,259.42,59,NA,11.2204318355212,119.5,0.3,0.0238095238095238,0.00785121643100693,9.79583556925214,1,1,5.30330540557139
0,-109.53829,0,0,0,0,365,63,1.22082992139236,-0.000684694349687224,4.38202663467388,7.06902342657826,8.53208180390999,21,10.428,311.15,63.91434,20.583333,NA,8.54286093816481,60,0.4,0.464285714285714,0.05343842364532,16.2738023929152,1,1,7.24779265294222
0,-133.44775,1,0,0,0,912,NA,0.00995033085316809,-0.000684694349687224,4.50030954537192,NA,8.19497350297379,30.5,NA,NA,145.5246,20.6,NA,NA,51.1245,0.2,0.0119047619047619,0.0251043629121414,10.335732937192,1,1,3.78419190664295
0,-119.73937,NA,NA,NA,NA,NA,NA,NA,NA,NA,NA,NA,NA,NA,NA,NA,NA,NA,NA,NA,NA,0.30952380952381,NA,15.0887640467454,0,0,5.22035636561872
0,-128.16685,NA,NA,NA,NA,NA,41,2.484906649788,NA,1.96711235670592,NA,8.24774388722552,7,NA,NA,50,7,NA,NA,NA,NA,0.119047619047619,NA,14.975894966299,0,0,5.19295740644561
0,-120.69288,0,0,0,0,NA,NA,1.6094379124341,NA,NA,NA,3.8448142557347,NA,NA,NA,NA,NA,NA,3.8177123259569,19,0.1,0.178571428571429,NA,14.6275133882859,0,1,3.68888195411081
0,-125.59772,0,0,0,0,NA,NA,1.09861228866811,NA,NA,NA,5.82600010738045,NA,NA,NA,NA,NA,5.8171111599632,5.8348107370626,NA,0.1,0.19047619047619,NA,13.6053824407805,0,1,9.99950003332973e-05
0,-131.9994,1,0,0,0,NA,NA,0.0953101798043249,NA,NA,NA,6.46320884800541,19.7,NA,NA,NA,19.666667,NA,NA,25.46,0.1,0.166666666666667,NA,14.1711729685161,1,1,4.83628270060196
0,-132.36049,1,0,0,0,NA,NA,0,NA,4.89034912822175,NA,6.85085153859251,20.9,4.486,310.05,NA,18.466667,NA,NA,27.907,0.1,0.357142857142857,0.140787669964061,14.4785211604155,1,1,4.44265243296021
0,-130.28108,0,0,0,1,912,92,1.01523067972906,0.62438162073574,5.99146454710798,8.1605182474775,10.77895628989,23.8,49.326,310.75,92.3,21.854167,NA,NA,167.7665,0.1,0.845238095238095,0.0108100000000003,16.9361233138209,1,1,7.1823521878731
1,-152.4653512,0,0,0,NA,NA,NA,NA,NA,NA,NA,NA,NA,NA,NA,NA,NA,NA,NA,NA,0.333333333333333,0.0238095238095238,NA,17.2071673639548,1,1,3.61092061534328
1,-136.51523,0,0,0,NA,NA,NA,NA,NA,NA,NA,2.13771044980381,NA,NA,NA,NA,NA,NA,NA,20.5,0.666666666666667,0.416666666666667,NA,17.6988192395657,0,0,4.4773379508412
0,-124.59651,0,0,1,0,NA,34,0.693147180559945,NA,NA,NA,8.48673398393153,18,NA,NA,NA,18,8.4595640785796,8.55159461813357,70,0.2,NA,NA,NA,0,1,6.4150971228377
0,-123.79649,NA,NA,NA,NA,1095,63.5,3.31418600467253,NA,4.71133038181648,NA,9.74683374249075,34.2,NA,NA,91.32,34.170833,NA,NA,NA,NA,0.476190476190476,0.178830409356726,14.9626303459194,0,0,4.92725440979462
0,-125.82212,0,0,0,0,70,21,2.1809822712348,NA,1.75958057086382,4.15496918403854,5.63478960316925,5,1.404,310.25,21.60956,5,NA,6.32793678372919,30,0.4,0.595238095238095,0.676167800000002,16.7699568546437,0,0,8.59304252223879
0,-122.70993,NA,0,0,NA,NA,NA,NA,NA,NA,NA,NA,NA,NA,NA,NA,NA,NA,NA,24.6,NA,0.0119047619047619,NA,12.0775376295405,1,0,1.0986456214459
0,-118.52689,0,1,0,0,NA,NA,-0.0202027073175195,NA,NA,NA,2.92423627184892,NA,NA,NA,NA,NA,NA,NA,NA,0.1,0.226190476190476,NA,14.8660999721916,0,1,9.99950003332973e-05
0,-122.42454,0,1,0,0,730,80,-0.0100503358535015,-0.000684694349687224,1.74396880539171,NA,3.13004461116159,30.5,NA,NA,85.62,30,NA,NA,6.9,0.1,0.488095238095238,0.247554098360655,16.0928824191932,0,1,6.02827876119452
0,-114.24104,0,1,0,0,NA,NA,-0.0100503358535015,NA,NA,NA,2.23964529322017,NA,NA,NA,119.61,NA,NA,NA,NA,0.1,0.333333333333333,NA,16.3107891712947,0,1,1.3863193608074
0,-138.687266,0,1,0,0,NA,NA,-0.0202027073175195,NA,NA,NA,1.8213182714696,NA,NA,NA,NA,NA,NA,NA,NA,0.1,0.321428571428571,NA,14.6932582438608,1,1,2.56495704973964
0,-161.49769,0,1,0,0,NA,NA,NA,NA,NA,NA,2.4466854369678,NA,NA,NA,NA,NA,2.72785282839839,NA,NA,0.1,0.297619047619048,NA,14.971237322247,1,1,-9.21034037197618
0,-112.460158,0,1,0,0,NA,NA,0,NA,0.943905898907128,1.85785927093258,1.6094379124341,NA,NA,NA,NA,NA,NA,NA,NA,0.1,0.476190476190476,NA,15.0916586981691,1,0,2.89037731343629
0,-119.62855,0,1,0,0,NA,NA,-0.0100503358535015,NA,1.05082162483176,2.39789527279837,2.32776539152434,5,NA,NA,123.54,5,2.29253475714054,2.14006616349627,NA,0.3,0.178571428571429,0.276099463676256,14.5895851528614,1,1,3.66356421022892
0,-134.48783,1,0,0,0,NA,199,0,NA,NA,NA,9.59899836176797,29.5,NA,NA,199.34,26.645833,9.41735454136051,9.81005560774357,70.355,0.3,0.0714285714285714,NA,12.6451407216624,1,1,5.41164649828351
0,-124.49258,1,0,0,0,365,116,0.0344014267173323,NA,3.04737550670583,4.30135873160643,4.89783979995091,22.9,0.684,307.95,116,22.9,NA,NA,17.2185,0.2,0.345238095238095,0.325329850746269,15.2195007481097,1,1,5.87773606189164
0,-137.98163,1,0,0,0,1826,158,0,0.0240079197051012,4.67749084756772,6.01737592889248,6.68426791857235,30.3,NA,NA,162.545,28.595833,NA,6.65801104587075,32.2,0.5,0.166666666666667,0.143830691800307,14.1331438463862,1,1,5.15329217253229
1,-120.4007,0,0,1,NA,NA,NA,NA,NA,NA,NA,2.24442617882051,NA,NA,NA,NA,NA,NA,NA,NA,0.166666666666667,0.232758620689655,NA,18.9118370096955,0,1,1.6094579122341
1,-130.05418,0,0,1,NA,1338,NA,NA,NA,NA,NA,NA,16,NA,NA,NA,NA,NA,NA,NA,0.5,0.123417721518987,NA,18.6159875307998,0,0,6.78332531385424
0,-116.61497,0,0,0,0,730,26,1.07840958135059,-0.000684694349687224,-3.82814152144744,6.74523634948436,8.77955745588373,13.058333,8.664,308.95,26,8.1,8.85366542803745,9.10497985631836,67.893,0.1,0.0357142857142857,9.83769230769234e-06,11.0710681409478,1,1,5.63478996031204
1,-123.74117,0,0,0,NA,NA,NA,NA,NA,NA,NA,2.51567830845475,NA,NA,NA,NA,NA,NA,NA,NA,0.333333333333333,0.0476190476190476,NA,17.2477007849284,0,0,3.68888195411081
0,-117.67294,0,0,0,0,NA,12.5,1.33762918913861,NA,-0.116533816255952,NA,3.04452243772342,24,0.230065,314.15,NA,24,2.72785282839839,2.98315349134713,NA,0.4,0.0119047619047619,0.322942857142858,9.26183253341969,0,1,5.89989762755506
1,-149.39332,0,0,1,NA,NA,NA,NA,NA,NA,NA,NA,NA,NA,NA,NA,NA,NA,NA,60.5,0.5,0.297413793103448,NA,19.4481244069617,0,0,5.76519141626442
1,-156.56712,0,0,1,NA,NA,NA,NA,NA,NA,NA,NA,NA,NA,NA,NA,NA,NA,NA,NA,0.5,0.267241379310345,NA,19.4503854202502,0,0,5.86929719561961
1,-126.93477,0,0,0,NA,NA,NA,NA,NA,NA,NA,NA,NA,NA,NA,NA,NA,NA,NA,NA,NA,NA,NA,17.2477007849284,1,0,1.0986456214459
1,-135.86953,0,0,0,NA,NA,NA,NA,NA,NA,NA,NA,NA,NA,NA,NA,NA,NA,NA,NA,NA,0.0119047619047619,NA,17.2477007849284,1,0,1.6094579122341
0,-111.627665,0,0,0,1,335,21,1.880990602956,-2.15626790068601,-0.82098055206983,2.14006616349627,2.10352421219579,3.2,0.348,308.15,21.00042,2,NA,NA,7.506,0.2,0.321428571428571,0.669208053691279,16.39848929665,0,1,6.72142582127256
1,-152.13932,0,0,1,NA,NA,NA,NA,NA,NA,NA,NA,11,NA,NA,NA,NA,NA,NA,NA,0.833333333333333,0.0603448275862069,NA,17.2652827995432,0,0,8.90910014844089
1,-122.585664,0,0,1,NA,NA,NA,NA,NA,NA,NA,NA,NA,NA,NA,NA,NA,NA,NA,NA,0.166666666666667,0.0603448275862069,NA,17.2860586508627,0,0,5.43372244023537
0,-116.35725,0,0,0,0,1825,30,0.854415328156068,0.693147180559945,NA,NA,7.46737106691756,60,NA,NA,NA,60,7.3132203870903,7.63046126178363,56.5,0.3,0.0238095238095238,NA,9.78381000011666,0,1,1.0986456214459
0,-128.07026,0,0,0,0,365,12,1.6094379124341,NA,1.71018781553424,NA,4.35253345527911,22.916667,0.877,NA,NA,20.691667,4.36054760299676,4.41521960202965,NA,0.6,0.452380952380952,0.711940778886384,16.8118276888624,0,1,7.76131922353742
0,-121.83453,0,0,0,0,365,77,1.35066718347674,-0.000684694349687224,3.39282913199164,5.41832015894273,6.65415252018322,20.6,1.729,309.45,77,12.666667,NA,NA,31.7855,0.3,0.142857142857143,0.147983247422681,14.3800851159075,1,1,5.7899604767076
0,-128.67843,0,0,0,1,768,115,1.71694612014939,-0.462502743359787,6.90274273715859,8.7749298418987,11.8130300574206,27,104.15,312.15,115.2,21,NA,12.0552497557956,157.4995,0.5,0.75,0.0615518055555536,17.1486623768499,1,1,8.734881908135
1,-127.95488,0,0,0,NA,NA,NA,NA,NA,NA,NA,NA,NA,NA,NA,NA,NA,NA,NA,13.1,0.333333333333333,0.130952380952381,NA,17.2477007849284,0,0,6.03787115858559
0,-128.83711,1,0,0,0,60,14.15,1.50407739677627,NA,-0.544727175441672,NA,2.4793353254089,14.5,NA,314.15,NA,13.25,2.484906649788,2.47653840011748,NA,0.1,0.0357142857142857,0.437430289784994,11.3278965186668,0,1,7.58578887249345
1,-125.824196,0,0,1,NA,NA,NA,NA,NA,NA,NA,NA,NA,NA,NA,NA,NA,NA,NA,NA,NA,0.0316455696202532,NA,18.2667246584112,0,0,7.12286673924424
0,-129.54813,1,0,0,0,NA,NA,NA,NA,NA,NA,5.58911956633606,NA,NA,NA,NA,NA,NA,NA,NA,0.2,0.0357142857142857,NA,12.1536872335143,0,1,0.693197179309987
0,-115.259136,NA,NA,NA,NA,NA,NA,2.2512917986065,NA,0.575646273248511,NA,5.99146454710798,17.8,NA,NA,NA,15.8,NA,NA,NA,NA,0.214285714285714,NA,14.7468673747931,1,0,5.20948669928936
0,-134.21412,0,0,0,0,2190,168,0,0.723815129606618,6.14042320023282,8.26873183211774,9.67809835664852,36,NA,NA,172.41658,28,9.38597294061934,9.81874632408104,67.25,0.1,0.0476190476190476,0.0145404284986761,11.5507197482265,1,1,5.08140498610228
0,-118.8845,0,0,0,0,NA,NA,1.70474809223843,NA,NA,NA,6.53378883793334,NA,NA,NA,NA,NA,6.60394382460047,6.45833828334479,NA,0.3,0.321428571428571,NA,15.1945755488982,0,1,1.0986456214459
0,-120.06239,0,0,1,1,913,335,0,1.09827000009406,10.2967785222965,NA,12.8674711277755,56,70.0056,NA,334.58,30,NA,NA,399.739,0.1,0.0833333333333333,0.0305930219354863,14.2331601220358,0,1,6.34738938478734
0,-121.80908,0,0,1,0,4036,365,0,1.09861228866811,9.87044769845793,NA,12.3458345879053,53,NA,NA,365,40,NA,NA,362.8955,0.2,0.535714285714286,0.0420652173913058,19.3560303046335,1,0,8.31311672734709
0,-121.92695,0,0,0,0,365,31.9,1.63899671467564,NA,2.69799986524871,NA,5.94437293957413,34,NA,NA,NA,15.416667,5.97126183979046,6.03128604129465,NA,0.3,0.94047619047619,0.350722287735848,17.9608643201731,0,1,7.0148144411228
0,-164.69464,0,0,0,1,1313,103,0.819779831493311,0.881893413188385,6.21458809822219,10.1658518170036,12.390475368528,50,NA,310.45,103,43.5,NA,12.1056996713834,228.5,0.4,0.5,0.00188769613305605,17.4049997639027,1,1,7.66434667902494
0,-148.12426,0,0,0,1,1734,65,0.506817602368452,0.772507299938473,6.47639527332861,9.78414079490356,12.8258525795314,45,NA,309.95,147.41594,43.775,NA,12.9645392922108,224.6275,0.2,0.166666666666667,0.00116046970733154,16.9336999737082,1,1,7.1388670793106
0,-105.614674,NA,NA,NA,NA,500,345,0.0392207131532813,NA,8.88322423027899,NA,11.0348896640272,25.8,NA,312.25,NA,NA,NA,NA,NA,NA,NA,NA,NA,1,0,6.46146833260371
0,-125.032739,0,0,0,0,730,27,0,0.692462486210258,-0.703197516413447,8.64822145382264,10.1561899060919,30.025,NA,NA,28.5,26.1,NA,NA,109.339,0.1,0.0952380952380952,1.48019417475726e-05,12.6457092663175,0,1,5.111988390766
0,-141.37352,0,0,0,1,304,52,1.55445360410134,-0.000684694349687224,4.61005822006087,7.24208235925696,8.42951977714646,21.3,13.731,311.85,52.3525,15,NA,8.74193546409414,63,0.3,0.619047619047619,0.103829208785451,18.0977509614938,1,1,8.30052863103829
0,-131.44672,1,0,0,NA,NA,NA,7.82404601085629,NA,NA,NA,4.86753445045558,30.3,NA,NA,NA,NA,NA,NA,14.7,0.2,0.142857142857143,NA,14.3498418915043,0,0,6.94601408734561
1,-150.223802,0,0,0,NA,NA,NA,NA,NA,NA,NA,NA,NA,NA,NA,NA,NA,NA,NA,NA,NA,0.0238095238095238,NA,16.9822825514204,1,1,2.30259509294405
1,-139.94198,0,0,0,NA,NA,NA,NA,NA,NA,NA,NA,NA,NA,NA,NA,NA,NA,NA,3.95,0.666666666666667,0.464285714285714,NA,18.707525055553,1,1,4.27666750790398
1,-138.566583,0,0,0,NA,NA,NA,NA,NA,NA,NA,NA,NA,NA,NA,NA,NA,NA,NA,2.75,0.166666666666667,0.369047619047619,NA,18.5202099662583,1,1,5.89989762755506
0,-129.13509,0,0,1,1,1826,259,0.0953101798043249,0.692462486210258,8.81856660819805,10.1266311038503,11.9741241946059,35.7,NA,311.25,334.84,30,11.6082356447746,12.8739020181058,225.9485,0.2,0.0476190476190476,0.0417197257332081,14.3142921870117,1,1,6.87005351564028
0,-118.716322,0,0,0,0,365,13,1.4036429994545,NA,1.02961941718116,NA,3.23277873003719,14.916667,0.278,NA,NA,9.7,3.22286784613774,3.27336401015227,NA,0.4,0.0595238095238095,0.674319526627219,12.3192136053677,0,0,5.66296082735811
